0,6406,0.0,150.0,360.0,1.0,5.0106352940962555,0,1,0,1,1,0,0,0,1,0,1,0,0,1,0,6406.0,8.764990330169104,0.4166666666666667,5989.333333333333
1,51763,0.0,700.0,300.0,1.0,6.551080335043404,0,1,0,1,1,0,0,0,1,0,1,0,0,0,1,51763.0,10.854430887309706,2.3333333333333335,49429.666666666664
1,5818,2160.0,184.0,360.0,1.0,5.214935757608986,0,1,0,1,0,1,0,0,1,0,0,1,0,1,0,7978.0,8.984443032465352,0.5111111111111111,7466.888888888889
1,2583,2167.0,104.0,360.0,1.0,4.6443908991413725,0,1,1,0,0,1,0,0,0,1,0,1,1,0,0,4750.0,8.465899897028686,0.28888888888888886,4461.111111111111
1,2583,2358.0,120.0,360.0,1.0,4.787491742782046,0,1,0,1,0,1,0,0,0,1,1,0,0,0,1,4941.0,8.50532301884575,0.3333333333333333,4607.666666666667
0,3598,1287.0,100.0,360.0,1.0,4.605170185988092,0,1,1,0,0,1,0,0,0,1,1,0,1,0,0,4885.0,8.493924564476883,0.2777777777777778,4607.222222222223
0,8750,4167.0,308.0,360.0,1.0,5.730099782973574,0,1,1,0,0,1,0,0,1,0,1,0,1,0,0,12917.0,9.466299552232016,0.8555555555555555,12061.444444444445
1,2667,1625.0,84.0,360.0,1.0,4.430816798843313,1,0,1,0,0,1,0,0,1,0,1,0,0,0,1,4292.0,8.36450810375059,0.23333333333333334,4058.6666666666665
0,3400,0.0,95.0,360.0,1.0,4.553876891600541,1,0,1,0,0,1,0,0,0,1,1,0,1,0,0,3400.0,8.131530710604252,0.2638888888888889,3136.1111111111113
0,2726,0.0,106.0,360.0,0.0,4.663439094112067,0,1,0,1,0,0,0,1,1,0,0,1,0,1,0,2726.0,7.9105906122564775,0.29444444444444445,2431.5555555555557
1,9328,0.0,188.0,180.0,1.0,5.236441962829949,0,1,0,1,0,1,0,0,1,0,1,0,1,0,0,9328.0,9.140775908590273,1.0444444444444445,8283.555555555555
0,3087,2210.0,136.0,360.0,0.0,4.912654885736052,0,1,0,1,0,1,0,0,1,0,1,0,0,1,0,5297.0,8.574895901544526,0.37777777777777777,4919.222222222223
0,8666,4983.0,376.0,360.0,0.0,5.929589143389895,0,1,0,1,0,0,1,0,1,0,0,1,1,0,0,13649.0,9.521421537856195,1.0444444444444445,12604.555555555555
1,3033,1459.0,95.0,360.0,1.0,4.553876891600541,0,1,0,1,0,1,0,0,1,0,1,0,0,0,1,4492.0,8.410053315858335,0.2638888888888889,4228.111111111111
1,7583,0.0,187.0,360.0,1.0,5.231108616854587,0,1,0,1,0,0,0,1,1,0,1,0,0,0,1,7583.0,8.933664178700935,0.5194444444444445,7063.555555555556
1,7333,8333.0,175.0,300.0,1.0,5.1647859739235145,0,1,0,1,0,1,0,0,1,0,1,0,1,0,0,15666.0,9.659248037927183,0.5833333333333334,15082.666666666666
1,5780,0.0,192.0,360.0,1.0,5.2574953720277815,0,1,0,1,0,0,0,1,1,0,1,0,0,0,1,5780.0,8.662158961666423,0.5333333333333333,5246.666666666667
1,3083,0.0,255.0,360.0,1.0,5.541263545158426,1,0,1,0,1,0,0,0,1,0,1,0,1,0,0,3083.0,8.03365842788615,0.7083333333333334,2374.6666666666665
0,2500,0.0,96.0,480.0,1.0,4.564348191467836,0,1,1,0,0,1,0,0,1,0,1,0,0,1,0,2500.0,7.824046010856292,0.2,2300.0
0,3010,3136.0,128.0,360.0,0.0,4.852030263919617,0,1,0,1,0,1,0,0,0,1,1,0,0,0,1,6146.0,8.72355674269043,0.35555555555555557,5790.444444444444
1,3244,0.0,80.0,360.0,1.0,4.382026634673881,1,0,1,0,0,1,0,0,1,0,1,0,0,0,1,3244.0,8.084562415235304,0.2222222222222222,3021.777777777778
1,3406,4417.0,123.0,360.0,1.0,4.812184355372417,0,1,0,1,0,1,0,0,0,1,1,0,0,1,0,7823.0,8.96482339168508,0.3416666666666667,7481.333333333333
1,2600,3500.0,115.0,360.0,1.0,4.74493212836325,0,1,0,1,0,1,0,0,1,0,1,0,0,0,1,6100.0,8.716044050161402,0.3194444444444444,5780.555555555556
0,2987,0.0,88.0,360.0,0.0,4.477336814478207,0,1,1,0,0,1,0,0,1,0,1,0,0,1,0,2987.0,8.00202481821611,0.24444444444444444,2742.5555555555557
1,17263,0.0,225.0,360.0,1.0,5.41610040220442,1,0,1,0,0,1,0,0,0,1,0,1,0,1,0,17263.0,9.756320761816548,0.625,16638.0
1,16692,0.0,110.0,360.0,1.0,4.700480365792417,0,1,0,1,0,1,0,0,1,0,1,0,0,1,0,16692.0,9.722684841711443,0.3055555555555556,16386.444444444445
1,3750,2083.0,120.0,360.0,1.0,4.787491742782046,1,0,1,0,0,0,0,1,1,0,1,0,0,1,0,5833.0,8.671286726753637,0.3333333333333333,5499.666666666667
1,4300,2014.0,194.0,360.0,1.0,5.267858159063328,0,1,0,1,0,1,0,0,0,1,1,0,1,0,0,6314.0,8.750524669117937,0.5388888888888889,5775.111111111111
1,3625,0.0,108.0,360.0,1.0,4.68213122712422,1,0,0,1,0,1,0,0,1,0,1,0,0,1,0,3625.0,8.195609567288775,0.3,3325.0
0,12000,0.0,164.0,360.0,1.0,5.099866427824199,0,1,1,0,0,1,0,0,1,0,1,0,0,1,0,12000.0,9.392661928770137,0.45555555555555555,11544.444444444445
0,150,1800.0,135.0,360.0,1.0,4.90527477843843,0,1,0,1,0,1,0,0,1,0,1,0,1,0,0,1950.0,7.575584651557793,0.375,1575.0
1,4583,5625.0,255.0,360.0,1.0,5.541263545158426,0,1,0,1,0,1,0,0,1,0,1,0,0,1,0,10208.0,9.23092700558457,0.7083333333333334,9499.666666666666
0,2454,2333.0,181.0,360.0,0.0,5.198497031265826,0,1,0,1,0,1,0,0,0,1,1,0,0,0,1,4787.0,8.473659189392508,0.5027777777777778,4284.222222222223
1,4226,1040.0,110.0,360.0,1.0,4.700480365792417,0,1,0,1,0,0,0,1,0,1,1,0,0,0,1,5266.0,8.569026340056254,0.3055555555555556,4960.444444444444
1,5819,5000.0,120.0,360.0,1.0,4.787491742782046,0,1,0,1,0,0,0,1,1,0,1,0,1,0,0,10819.0,9.289059126687574,0.3333333333333333,10485.666666666666
1,5417,4196.0,267.0,360.0,1.0,5.58724865840025,0,1,0,1,0,0,0,1,1,0,0,1,0,0,1,9613.0,9.170871628065816,0.7416666666666667,8871.333333333334
1,3416,2816.0,113.0,360.0,1.0,4.727387818712341,1,0,0,1,0,1,0,0,1,0,1,0,0,1,0,6232.0,8.737452587550584,0.3138888888888889,5918.111111111111
1,4695,0.0,96.0,360.0,1.0,4.564348191467836,0,1,0,1,0,1,0,0,0,1,0,1,0,0,1,4695.0,8.454253391642363,0.26666666666666666,4428.333333333333
1,2071,754.0,94.0,480.0,1.0,4.543294782270004,0,1,0,1,1,0,0,0,0,1,1,0,0,1,0,2825.0,7.946263643580541,0.19583333333333333,2629.1666666666665
1,63337,0.0,490.0,180.0,1.0,6.194405391104672,0,1,0,1,0,1,0,0,1,0,1,0,0,0,1,63337.0,11.05622495553552,2.7222222222222223,60614.77777777778
1,3704,2000.0,120.0,360.0,1.0,4.787491742782046,0,1,0,1,0,1,0,0,1,0,1,0,1,0,0,5704.0,8.648922962094131,0.3333333333333333,5370.666666666667
1,2301,985.7999877999998,78.0,180.0,1.0,4.356708826689592,0,1,0,1,0,0,0,1,1,0,1,0,0,0,1,3286.7999878,8.097669722345216,0.43333333333333335,2853.4666544666666
1,2132,1591.0,96.0,360.0,1.0,4.564348191467836,0,1,0,1,0,1,0,0,1,0,1,0,0,1,0,3723.0,8.222285073872717,0.26666666666666666,3456.3333333333335
1,4100,0.0,124.0,360.0,1.0,4.820281565605037,1,0,0,1,0,1,0,0,0,1,1,0,1,0,0,4100.0,8.318742252692399,0.34444444444444444,3755.5555555555557
0,2889,0.0,45.0,180.0,0.0,3.8066624897703196,0,1,0,1,0,0,0,1,0,1,1,0,0,0,1,2889.0,7.968665700466235,0.25,2639.0
1,9167,0.0,185.0,360.0,1.0,5.220355825078324,0,1,1,0,1,0,0,0,1,0,1,0,1,0,0,9167.0,9.123365357961776,0.5138888888888888,8653.111111111111
1,1863,1041.0,98.0,360.0,1.0,4.584967478670572,0,1,0,1,0,1,0,0,0,1,1,0,0,1,0,2904.0,7.973844375944687,0.2722222222222222,2631.777777777778
1,2500,20000.0,103.0,360.0,1.0,4.634728988229636,0,1,1,0,0,1,0,0,1,0,1,0,0,1,0,22500.0,10.021270588192511,0.2861111111111111,22213.88888888889
1,6133,3906.0,324.0,360.0,1.0,5.780743515792329,0,1,0,1,0,1,0,0,1,0,1,0,0,0,1,10039.0,9.214232786691527,0.9,9139.0
0,4344,736.0,87.0,360.0,1.0,4.465908118654584,0,1,0,1,0,1,0,0,0,1,0,1,0,1,0,5080.0,8.533066540572527,0.24166666666666667,4838.333333333333
1,3988,0.0,50.0,240.0,1.0,3.912023005428146,0,1,0,1,0,0,1,0,1,0,1,0,0,0,1,3988.0,8.291045131081729,0.20833333333333334,3779.6666666666665
1,3667,1459.0,144.0,360.0,1.0,4.969813299576001,1,0,0,1,0,1,0,0,1,0,1,0,0,1,0,5126.0,8.542080906924017,0.4,4726.0
1,2333,1516.0,95.0,360.0,1.0,4.553876891600541,0,1,0,1,0,1,0,0,0,1,1,0,0,0,1,3849.0,8.255568653283746,0.2638888888888889,3585.1111111111113
1,8000,0.0,200.0,360.0,1.0,5.298317366548036,0,1,0,1,0,0,0,1,1,0,1,0,0,1,0,8000.0,8.987196820661973,0.5555555555555556,7444.444444444444
1,8080,2250.0,180.0,360.0,1.0,5.19295685089021,0,1,0,1,0,0,1,0,1,0,1,0,0,0,1,10330.0,9.242807562113684,0.5,9830.0
1,2666,2083.0,95.0,360.0,1.0,4.553876891600541,0,1,0,1,1,0,0,0,1,0,1,0,1,0,0,4749.0,8.465689348549121,0.2638888888888889,4485.111111111111
1,3017,663.0,102.0,360.0,1.0,4.624972813284271,1,0,0,1,0,1,0,0,0,1,1,0,0,1,0,3680.0,8.210668031162976,0.2833333333333333,3396.6666666666665
1,6325,0.0,175.0,360.0,1.0,5.1647859739235145,0,1,0,1,0,0,1,0,1,0,1,0,0,1,0,6325.0,8.752265313595721,0.4861111111111111,5838.888888888889
1,4188,0.0,115.0,180.0,1.0,4.74493212836325,0,1,0,1,0,1,0,0,0,1,1,0,0,1,0,4188.0,8.339978571990427,0.6388888888888888,3549.1111111111113
1,2917,0.0,84.0,360.0,1.0,4.430816798843313,1,0,1,0,0,1,0,0,1,0,1,0,0,1,0,2917.0,7.978310969867722,0.23333333333333334,2683.6666666666665
1,5503,4490.0,70.0,360.0,1.0,4.248495242049359,0,1,0,1,0,1,0,0,1,0,0,1,0,1,0,9993.0,9.209640126861789,0.19444444444444445,9798.555555555555
1,5000,0.0,132.0,360.0,1.0,4.882801922586371,1,0,1,0,0,1,0,0,1,0,1,0,1,0,0,5000.0,8.517193191416238,0.36666666666666664,4633.333333333333
1,3086,0.0,120.0,360.0,1.0,4.787491742782046,1,0,1,0,0,1,0,0,1,0,1,0,0,1,0,3086.0,8.034631032923107,0.3333333333333333,2752.6666666666665
1,3716,0.0,42.0,180.0,1.0,3.7376696182833684,0,1,0,1,0,1,0,0,1,0,1,0,1,0,0,3716.0,8.22040309993373,0.23333333333333334,3482.6666666666665
1,2768,1950.0,155.0,360.0,1.0,5.043425116919247,0,1,0,1,0,1,0,0,1,0,1,0,1,0,0,4718.0,8.45914025996762,0.4305555555555556,4287.444444444444
1,2423,505.0,130.0,360.0,1.0,4.867534450455582,1,0,0,1,0,1,0,0,1,0,1,0,0,1,0,2928.0,7.982074875081202,0.3611111111111111,2566.8888888888887
1,2507,0.0,56.0,360.0,1.0,4.02535169073515,1,0,1,0,0,1,0,0,1,0,1,0,1,0,0,2507.0,7.826842098158293,0.15555555555555556,2351.4444444444443
1,3816,754.0,160.0,360.0,1.0,5.075173815233827,0,1,0,1,0,1,0,0,1,0,1,0,0,0,1,4570.0,8.42726848388825,0.4444444444444444,4125.555555555556
1,3103,1300.0,80.0,360.0,1.0,4.382026634673881,0,1,0,1,0,1,0,0,1,0,1,0,0,0,1,4403.0,8.390041405755754,0.2222222222222222,4180.777777777777
1,9357,0.0,292.0,360.0,1.0,5.676753802268282,0,1,1,0,1,0,0,0,1,0,0,1,0,1,0,9357.0,9.143880005275912,0.8111111111111111,8545.888888888889
1,5667,2667.0,180.0,360.0,1.0,5.19295685089021,0,1,0,1,0,1,0,0,1,0,1,0,1,0,0,8334.0,9.0280988119824,0.5,7834.0
1,5829,0.0,138.0,360.0,1.0,4.927253685157205,0,1,0,1,0,1,0,0,1,0,1,0,1,0,0,5829.0,8.67060073804555,0.38333333333333336,5445.666666666667
1,2699,2785.0,96.0,360.0,1.0,4.564348191467836,0,1,1,0,0,1,0,0,0,1,1,0,0,1,0,5484.0,8.609590040682205,0.26666666666666666,5217.333333333333
0,2130,6666.0,70.0,180.0,1.0,4.248495242049359,0,1,0,1,0,1,0,0,1,0,1,0,0,1,0,8796.0,9.082052351674651,0.3888888888888889,8407.111111111111
1,2958,2900.0,131.0,360.0,1.0,4.875197323201151,0,1,0,1,0,1,0,0,1,0,1,0,0,1,0,5858.0,8.675563527387679,0.3638888888888889,5494.111111111111
1,3159,0.0,100.0,360.0,1.0,4.605170185988092,1,0,1,0,0,1,0,0,1,0,1,0,0,1,0,3159.0,8.058010800802085,0.2777777777777778,2881.222222222222
1,2833,1857.0,126.0,360.0,1.0,4.836281906951478,0,1,1,0,0,1,0,0,1,0,1,0,1,0,0,4690.0,8.453187861440325,0.35,4340.0
0,11000,0.0,83.0,360.0,1.0,4.418840607796598,0,1,1,0,0,1,0,0,1,0,0,1,0,0,1,11000.0,9.305650551780507,0.23055555555555557,10769.444444444445
0,7250,1667.0,110.0,360.0,0.0,4.700480365792417,0,1,0,1,0,0,1,0,1,0,1,0,0,0,1,8917.0,9.095714846134879,0.3055555555555556,8611.444444444445
0,2609,3449.0,165.0,180.0,0.0,5.10594547390058,0,1,0,1,0,1,0,0,0,1,0,1,1,0,0,6058.0,8.709134991587183,0.9166666666666666,5141.333333333333
1,1928,1644.0,100.0,360.0,1.0,4.605170185988092,1,0,0,1,0,1,0,0,0,1,1,0,0,1,0,3572.0,8.18088094199639,0.2777777777777778,3294.222222222222
1,1907,2365.0,120.0,360.0,1.0,4.787491742782046,1,0,1,0,0,1,0,0,0,1,1,0,0,0,1,4272.0,8.35983738064003,0.3333333333333333,3938.6666666666665
1,8750,4996.0,130.0,360.0,1.0,4.867534450455582,0,1,0,1,1,0,0,0,1,0,1,0,1,0,0,13746.0,9.52850315168155,0.3611111111111111,13384.888888888889
1,5391,0.0,130.0,360.0,1.0,4.867534450455582,0,1,0,1,0,0,0,1,1,0,1,0,0,0,1,5391.0,8.592486175451668,0.3611111111111111,5029.888888888889
1,2929,2333.0,139.0,360.0,1.0,4.9344739331306915,1,0,0,1,0,1,0,0,1,0,1,0,0,1,0,5262.0,8.568266461600238,0.3861111111111111,4875.888888888889
1,3232,1950.0,108.0,360.0,1.0,4.68213122712422,0,1,0,1,0,1,0,0,1,0,1,0,1,0,0,5182.0,8.552946361122055,0.3,4882.0
1,3887,2669.0,162.0,360.0,1.0,5.087596335232384,0,1,0,1,0,1,0,0,1,0,1,0,0,1,0,6556.0,8.78813593986372,0.45,6106.0
1,4009,1717.0,116.0,360.0,1.0,4.7535901911063645,0,1,0,1,0,0,0,1,1,0,1,0,0,1,0,5726.0,8.65277248565806,0.32222222222222224,5403.777777777777
0,6277,0.0,118.0,360.0,0.0,4.770684624465665,0,1,1,0,0,1,0,0,1,0,1,0,1,0,0,6277.0,8.744647438317532,0.3277777777777778,5949.222222222223
1,1800,1213.0,47.0,360.0,1.0,3.8501476017100584,0,1,1,0,0,1,0,0,1,0,1,0,0,0,1,3013.0,8.0106915391303,0.13055555555555556,2882.4444444444443
1,6250,5654.0,188.0,180.0,1.0,5.236441962829949,0,1,0,1,0,0,0,1,1,0,1,0,0,1,0,11904.0,9.384629757072872,1.0444444444444445,10859.555555555555
0,4583,1508.0,128.0,360.0,1.0,4.852030263919617,0,1,0,1,0,0,1,0,1,0,1,0,1,0,0,6091.0,8.714567550836485,0.35555555555555557,5735.444444444444
1,6333,4583.0,259.0,360.0,1.0,5.556828061699537,0,1,0,1,0,1,0,0,1,0,1,0,0,1,0,10916.0,9.29798488182823,0.7194444444444444,10196.555555555555
1,3237,0.0,30.0,360.0,1.0,3.4011973816621555,1,0,1,0,0,1,0,0,1,0,1,0,0,0,1,3237.0,8.082402253926244,0.08333333333333333,3153.6666666666665
0,3708,2569.0,173.0,360.0,1.0,5.153291594497779,0,1,0,1,0,1,0,0,1,0,1,0,0,0,1,6277.0,8.744647438317532,0.48055555555555557,5796.444444444444
1,3941,2336.0,134.0,360.0,1.0,4.897839799950911,0,1,0,1,0,1,0,0,1,0,1,0,0,1,0,6277.0,8.744647438317532,0.37222222222222223,5904.777777777777
1,1926,1851.0,50.0,360.0,1.0,3.912023005428146,0,1,1,0,0,1,0,0,1,0,1,0,0,1,0,3777.0,8.236685322712457,0.1388888888888889,3638.1111111111113
1,5821,0.0,144.0,360.0,1.0,4.969813299576001,0,1,0,1,0,1,0,0,1,0,1,0,0,0,1,5821.0,8.669227347271736,0.4,5421.0
1,4350,0.0,154.0,360.0,1.0,5.0369526024136295,1,0,1,0,0,1,0,0,0,1,1,0,1,0,0,4350.0,8.37793112408273,0.42777777777777776,3922.222222222222
0,2510,1983.0,140.0,180.0,1.0,4.941642422609304,0,1,0,1,0,0,1,0,0,1,1,0,0,0,1,4493.0,8.41027590907016,0.7777777777777778,3715.222222222222
1,5935,0.0,133.0,360.0,1.0,4.890349128221754,0,1,0,1,0,0,0,1,1,0,1,0,0,1,0,5935.0,8.688622307043769,0.36944444444444446,5565.555555555556
1,3333,3250.0,158.0,360.0,1.0,5.062595033026967,0,1,0,1,0,0,1,0,1,0,1,0,0,0,1,6583.0,8.792245847467877,0.4388888888888889,6144.111111111111
0,3365,1917.0,112.0,360.0,0.0,4.718498871295094,0,1,0,1,0,0,0,1,0,1,1,0,1,0,0,5282.0,8.572060092857077,0.3111111111111111,4970.888888888889
1,2920,16.12000084,87.0,360.0,1.0,4.465908118654584,0,1,0,1,0,1,0,0,1,0,1,0,1,0,0,2936.12000084,7.984844261119869,0.24166666666666667,2694.4533341733336
1,4167,1447.0,158.0,360.0,1.0,5.062595033026967,0,1,0,1,0,0,0,1,1,0,1,0,1,0,0,5614.0,8.633018756921828,0.4388888888888889,5175.111111111111
0,7660,0.0,104.0,360.0,0.0,4.6443908991413725,0,1,0,1,0,1,0,0,0,1,1,0,0,0,1,7660.0,8.943767262734637,0.28888888888888886,7371.111111111111
1,2484,2302.0,137.0,360.0,1.0,4.919980925828125,1,0,0,1,0,1,0,0,1,0,1,0,0,1,0,4786.0,8.47345026846832,0.38055555555555554,4405.444444444444
1,3166,2985.0,132.0,360.0,1.0,4.882801922586371,1,0,1,0,0,1,0,0,1,0,1,0,1,0,0,6151.0,8.724369949208368,0.36666666666666664,5784.333333333333
1,37719,0.0,152.0,360.0,1.0,5.0238805208462765,0,1,1,0,0,0,1,0,1,0,1,0,0,1,0,37719.0,10.537919225261291,0.4222222222222222,37296.77777777778
0,7441,0.0,194.0,360.0,1.0,5.267858159063328,1,0,1,0,0,1,0,0,1,0,0,1,1,0,0,7441.0,8.914760527397261,0.5388888888888889,6902.111111111111
0,2400,3800.0,128.0,180.0,1.0,4.852030263919617,0,1,0,1,0,1,0,0,0,1,1,0,0,0,1,6200.0,8.732304571033183,0.7111111111111111,5488.888888888889
0,3400,2500.0,123.0,360.0,0.0,4.812184355372417,0,1,0,1,1,0,0,0,1,0,1,0,1,0,0,5900.0,8.68270762989381,0.3416666666666667,5558.333333333333
1,2583,2115.0,120.0,360.0,1.0,4.787491742782046,0,1,0,1,0,1,0,0,1,0,1,0,0,0,1,4698.0,8.454892165218858,0.3333333333333333,4364.666666666667
1,5703,0.0,130.0,360.0,1.0,4.867534450455582,0,1,0,1,1,0,0,0,0,1,0,1,1,0,0,5703.0,8.648747631156539,0.3611111111111111,5341.888888888889
0,6080,2569.0,182.0,360.0,1.0,5.204006687076795,0,1,0,1,0,1,0,0,1,0,1,0,1,0,0,8649.0,9.065198986306513,0.5055555555555555,8143.444444444444
1,4885,0.0,48.0,360.0,1.0,3.871201010907891,0,1,1,0,0,1,0,0,0,1,1,0,1,0,0,4885.0,8.493924564476883,0.13333333333333333,4751.666666666667
1,4288,3263.0,133.0,180.0,1.0,4.890349128221754,0,1,0,1,0,0,0,1,0,1,1,0,0,0,1,7551.0,8.929435283803425,0.7388888888888889,6812.111111111111
1,1025,5500.0,216.0,360.0,1.0,5.375278407684165,0,1,0,1,0,1,0,0,1,0,1,0,1,0,0,6525.0,8.783396232190894,0.6,5925.0
0,3036,2504.0,158.0,360.0,0.0,5.062595033026967,0,1,0,1,1,0,0,0,1,0,1,0,0,1,0,5540.0,8.61974977974133,0.4388888888888889,5101.111111111111
1,16120,0.0,260.0,360.0,1.0,5.560681631015528,0,1,0,1,0,1,0,0,1,0,0,1,0,0,1,16120.0,9.68781601606062,0.7222222222222222,15397.777777777777
1,4310,0.0,130.0,360.0,1.0,4.867534450455582,0,1,0,1,0,1,0,0,1,0,1,0,0,1,0,4310.0,8.368693183097793,0.3611111111111111,3948.8888888888887
1,4608,2845.0,140.0,180.0,1.0,4.941642422609304,1,0,0,1,0,0,1,0,1,0,1,0,0,1,0,7453.0,8.916371914881694,0.7777777777777778,6675.222222222223
0,3200,2254.0,126.0,180.0,0.0,4.836281906951478,0,1,1,0,0,1,0,0,0,1,1,0,0,0,1,5454.0,8.604104563405533,0.7,4754.0
0,5746,0.0,255.0,360.0,1.0,5.541263545158426,0,1,0,1,0,1,0,0,1,0,1,0,0,0,1,5746.0,8.656259239539235,0.7083333333333334,5037.666666666667
1,2491,2054.0,104.0,360.0,1.0,4.6443908991413725,0,1,0,1,0,0,1,0,1,0,1,0,0,1,0,4545.0,8.421783006611578,0.28888888888888886,4256.111111111111
0,4887,0.0,133.0,360.0,1.0,4.890349128221754,0,1,0,1,0,1,0,0,0,1,1,0,1,0,0,4887.0,8.494333897270154,0.36944444444444446,4517.555555555556
1,2971,2791.0,144.0,360.0,1.0,4.969813299576001,0,1,1,0,0,1,0,0,1,0,1,0,0,1,0,5762.0,8.659039915644474,0.4,5362.0
1,5500,1260.0,170.0,360.0,1.0,5.135798437050262,0,1,0,1,0,0,1,0,1,0,1,0,1,0,0,6760.0,8.81877816903701,0.4722222222222222,6287.777777777777
0,1800,2934.0,93.0,360.0,0.0,4.532599493153256,0,1,0,1,0,1,0,0,0,1,1,0,0,0,1,4734.0,8.46252579007393,0.25833333333333336,4475.666666666667
1,2253,2033.0,110.0,360.0,1.0,4.700480365792417,0,1,0,1,0,1,0,0,0,1,1,0,1,0,0,4286.0,8.363109176033522,0.3055555555555556,3980.4444444444443
1,3159,461.0,108.0,84.0,1.0,4.68213122712422,0,1,0,1,0,0,0,1,1,0,1,0,0,0,1,3620.0,8.194229304819817,1.2857142857142858,2334.285714285714
1,674,5296.0,168.0,360.0,1.0,5.123963979403259,0,1,0,1,0,1,0,0,1,0,0,1,1,0,0,5970.0,8.694502206386648,0.4666666666666667,5503.333333333333
0,6633,0.0,128.0,360.0,0.0,4.852030263919617,0,1,0,1,0,0,0,1,1,0,0,1,1,0,0,6633.0,8.799812469525556,0.35555555555555557,6277.444444444444
1,3283,2035.0,148.0,360.0,1.0,4.997212273764115,0,1,0,1,0,0,0,1,1,0,1,0,0,0,1,5318.0,8.578852571802965,0.4111111111111111,4906.888888888889
0,3418,0.0,135.0,360.0,1.0,4.90527477843843,1,0,1,0,0,1,0,0,1,0,1,0,1,0,0,3418.0,8.136810863675537,0.375,3043.0
0,7333,0.0,120.0,360.0,1.0,4.787491742782046,0,1,1,0,0,1,0,0,0,1,1,0,1,0,0,7333.0,8.9001399880938,0.3333333333333333,6999.666666666667
0,4583,0.0,133.0,360.0,0.0,4.890349128221754,1,0,1,0,0,1,0,0,1,0,0,1,0,1,0,4583.0,8.430109084509125,0.36944444444444446,4213.555555555556
1,2666,4300.0,121.0,360.0,1.0,4.795790545596741,0,1,0,1,0,1,0,0,1,0,1,0,1,0,0,6966.0,8.848796450925947,0.33611111111111114,6629.888888888889
0,18333,0.0,500.0,360.0,1.0,6.214608098422191,0,1,0,1,0,0,1,0,1,0,1,0,0,0,1,18333.0,9.816457993563025,1.3888888888888888,16944.11111111111
1,2708,1167.0,97.0,360.0,1.0,4.574710978503383,0,1,0,1,0,0,0,1,1,0,1,0,0,1,0,3875.0,8.262300941787448,0.26944444444444443,3605.5555555555557
1,4301,0.0,118.0,360.0,1.0,4.770684624465665,0,1,0,1,0,1,0,0,1,0,1,0,0,0,1,4301.0,8.366602832783736,0.3277777777777778,3973.222222222222
1,14866,0.0,70.0,360.0,1.0,4.248495242049359,1,0,0,1,0,0,0,1,1,0,1,0,0,0,1,14866.0,9.60683200528524,0.19444444444444445,14671.555555555555
1,3029,0.0,99.0,360.0,1.0,4.59511985013459,0,1,0,1,1,0,0,0,1,0,1,0,0,0,1,3029.0,8.015987811027237,0.275,2754.0
1,7085,0.0,84.0,360.0,1.0,4.430816798843313,0,1,1,0,0,1,0,0,1,0,0,1,0,1,0,7085.0,8.865735152124781,0.23333333333333334,6851.666666666667
1,16666,0.0,275.0,360.0,1.0,5.616771097666572,0,1,0,1,0,0,0,1,1,0,1,0,0,0,1,16666.0,9.721125994942152,0.7638888888888888,15902.111111111111
1,2400,2167.0,115.0,360.0,1.0,4.74493212836325,0,1,0,1,0,1,0,0,1,0,1,0,0,1,0,4567.0,8.426611813185,0.3194444444444444,4247.555555555556
1,4160,0.0,71.0,360.0,1.0,4.2626798770413155,1,0,1,0,0,1,0,0,1,0,1,0,0,1,0,4160.0,8.333270353255308,0.19722222222222222,3962.777777777778
1,3189,2598.0,120.0,360.0,1.0,4.787491742782046,0,1,1,0,0,1,0,0,0,1,1,0,1,0,0,5787.0,8.663369301573839,0.3333333333333333,5453.666666666667
1,3750,0.0,116.0,360.0,1.0,4.7535901911063645,0,1,0,1,0,0,1,0,1,0,1,0,0,1,0,3750.0,8.229511118964457,0.32222222222222224,3427.777777777778
1,3750,0.0,100.0,360.0,1.0,4.605170185988092,0,1,1,0,0,1,0,0,1,0,1,0,0,0,1,3750.0,8.229511118964457,0.2777777777777778,3472.222222222222
1,3902,1666.0,109.0,360.0,1.0,4.6913478822291435,0,1,1,0,0,1,0,0,0,1,1,0,1,0,0,5568.0,8.624791202014256,0.30277777777777776,5265.222222222223
1,10139,0.0,260.0,360.0,1.0,5.560681631015528,0,1,0,1,1,0,0,0,1,0,0,1,0,1,0,10139.0,9.22414465295258,0.7222222222222222,9416.777777777777
0,2309,1255.0,125.0,360.0,0.0,4.8283137373023015,0,1,0,1,0,0,0,1,0,1,1,0,1,0,0,3564.0,8.1786387885907,0.3472222222222222,3216.777777777778
1,2500,4600.0,176.0,360.0,1.0,5.170483995038151,0,1,0,1,0,0,0,1,1,0,0,1,1,0,0,7100.0,8.867850063029406,0.4888888888888889,6611.111111111111
1,2750,1842.0,115.0,360.0,1.0,4.74493212836325,0,1,0,1,0,0,1,0,1,0,1,0,0,1,0,4592.0,8.432070937999402,0.3194444444444444,4272.555555555556
1,2275,2067.0,128.0,360.0,1.0,4.852030263919617,0,1,0,1,0,1,0,0,1,0,1,0,0,0,1,4342.0,8.376090350438238,0.35555555555555557,3986.4444444444443
0,1442,0.0,35.0,360.0,1.0,3.5553480614894135,0,1,1,0,0,1,0,0,0,1,1,0,0,0,1,1442.0,7.273786317844895,0.09722222222222222,1344.7777777777778
1,4895,0.0,102.0,360.0,1.0,4.624972813284271,0,1,1,0,0,1,0,0,1,0,1,0,0,1,0,4895.0,8.49596955496461,0.2833333333333333,4611.666666666667
1,6417,0.0,157.0,180.0,1.0,5.056245805348308,0,1,0,1,1,0,0,0,1,0,1,0,1,0,0,6417.0,8.766705997750515,0.8722222222222222,5544.777777777777
1,2894,2792.0,155.0,360.0,1.0,5.043425116919247,0,1,0,1,0,1,0,0,0,1,1,0,1,0,0,5686.0,8.645762292210945,0.4305555555555556,5255.444444444444
1,3762,1666.0,135.0,360.0,1.0,4.90527477843843,1,0,1,0,0,1,0,0,1,0,1,0,1,0,0,5428.0,8.59932602095476,0.375,5053.0
1,1809,1868.0,90.0,360.0,1.0,4.499809670330265,0,1,0,1,0,1,0,0,1,0,1,0,0,0,1,3677.0,8.209852481301272,0.25,3427.0
1,3500,1667.0,114.0,360.0,1.0,4.736198448394496,0,1,0,1,0,1,0,0,1,0,1,0,0,1,0,5167.0,8.550047528287184,0.31666666666666665,4850.333333333333
1,3652,0.0,95.0,360.0,1.0,4.553876891600541,1,0,1,0,0,0,1,0,1,0,1,0,0,1,0,3652.0,8.20303024171486,0.2638888888888889,3388.1111111111113
1,2083,3150.0,128.0,360.0,1.0,4.852030263919617,0,1,0,1,0,1,0,0,1,0,1,0,0,1,0,5233.0,8.562740006372207,0.35555555555555557,4877.444444444444
0,3166,2064.0,104.0,360.0,0.0,4.6443908991413725,0,1,0,1,0,1,0,0,1,0,1,0,0,0,1,5230.0,8.56216655705897,0.28888888888888886,4941.111111111111
1,5955,5625.0,315.0,360.0,1.0,5.752572638825633,0,1,0,1,0,0,1,0,1,0,1,0,0,0,1,11580.0,9.357034751126987,0.875,10705.0
1,8566,0.0,210.0,360.0,1.0,5.3471075307174685,0,1,1,0,0,1,0,0,1,0,1,0,0,0,1,8566.0,9.055556158175316,0.5833333333333334,7982.666666666667
0,4050,5302.0,138.0,360.0,1.0,4.927253685157205,0,1,0,1,0,0,1,0,0,1,1,0,1,0,0,9352.0,9.143345503151904,0.38333333333333336,8968.666666666666
1,6400,0.0,200.0,360.0,1.0,5.298317366548036,0,1,1,0,0,1,0,0,1,0,0,1,1,0,0,6400.0,8.764053269347762,0.5555555555555556,5844.444444444444
1,3833,0.0,110.0,360.0,1.0,4.700480365792417,0,1,1,0,0,1,0,0,0,1,1,0,1,0,0,3833.0,8.251403065380556,0.3055555555555556,3527.4444444444443
0,2653,1500.0,113.0,180.0,0.0,4.727387818712341,0,1,0,1,0,0,1,0,0,1,1,0,1,0,0,4153.0,8.331586243630754,0.6277777777777778,3525.222222222222
0,2600,0.0,160.0,360.0,1.0,5.075173815233827,1,0,1,0,0,0,1,0,1,0,1,0,0,0,1,2600.0,7.8632667240095735,0.4444444444444444,2155.5555555555557
1,23803,0.0,370.0,360.0,1.0,5.91350300563827,0,1,0,1,1,0,0,0,1,0,1,0,1,0,0,23803.0,10.077566902136047,1.0277777777777777,22775.222222222223
1,3316,3500.0,88.0,360.0,1.0,4.477336814478207,0,1,0,1,0,0,0,1,1,0,0,1,0,0,1,6816.0,8.827028068509152,0.24444444444444444,6571.555555555556
1,3410,0.0,88.0,360.0,1.0,4.477336814478207,1,0,1,0,0,1,0,0,1,0,1,0,0,0,1,3410.0,8.134467570277563,0.24444444444444444,3165.5555555555557
0,4166,0.0,116.0,360.0,0.0,4.7535901911063645,1,0,1,0,0,1,0,0,1,0,1,0,0,1,0,4166.0,8.334711621820917,0.32222222222222224,3843.777777777778
0,4166,0.0,98.0,360.0,0.0,4.584967478670572,0,1,1,0,0,1,0,0,1,0,1,0,0,1,0,4166.0,8.334711621820917,0.2722222222222222,3893.777777777778
1,2060,2209.0,134.0,360.0,1.0,4.897839799950911,0,1,1,0,0,1,0,0,1,0,1,0,0,1,0,4269.0,8.359134886757962,0.37222222222222223,3896.777777777778
1,3727,1775.0,131.0,360.0,1.0,4.875197323201151,0,1,0,1,0,1,0,0,1,0,1,0,0,1,0,5502.0,8.61286694148452,0.3638888888888889,5138.111111111111
0,4606,0.0,81.0,360.0,1.0,4.394449154672439,1,0,1,0,0,0,1,0,0,1,1,0,1,0,0,4606.0,8.43511508038063,0.225,4381.0
0,3418,0.0,127.0,360.0,1.0,4.844187086458591,0,1,1,0,0,1,0,0,1,0,1,0,0,1,0,3418.0,8.136810863675537,0.3527777777777778,3065.222222222222
1,13262,0.0,40.0,360.0,1.0,3.6888794541139363,1,0,1,0,0,0,1,0,1,0,1,0,0,0,1,13262.0,9.492658081928813,0.1111111111111111,13150.888888888889
1,4166,0.0,44.0,360.0,1.0,3.784189633918261,1,0,1,0,0,1,0,0,1,0,1,0,0,1,0,4166.0,8.334711621820917,0.12222222222222222,4043.777777777778
1,3846,0.0,111.0,360.0,1.0,4.709530201312334,1,0,1,0,0,1,0,0,1,0,1,0,0,1,0,3846.0,8.254788926148725,0.30833333333333335,3537.6666666666665
0,3588,0.0,110.0,360.0,0.0,4.700480365792417,0,1,1,0,0,0,0,1,1,0,1,0,1,0,0,3588.0,8.185350223178686,0.3055555555555556,3282.4444444444443
1,2875,1750.0,105.0,360.0,1.0,4.653960350157523,0,1,0,1,0,1,0,0,0,1,1,0,0,1,0,4625.0,8.439231649946526,0.2916666666666667,4333.333333333333
1,2439,3333.0,129.0,360.0,1.0,4.859812404361672,0,1,0,1,0,1,0,0,1,0,1,0,1,0,0,5772.0,8.660773919893762,0.35833333333333334,5413.666666666667
0,8334,0.0,160.0,360.0,1.0,5.075173815233827,0,1,0,1,0,1,0,0,1,0,1,0,0,1,0,8334.0,9.0280988119824,0.4444444444444444,7889.555555555556
1,4554,1229.0,158.0,360.0,1.0,5.062595033026967,0,1,0,1,0,0,1,0,0,1,1,0,0,0,1,5783.0,8.662677858158219,0.4388888888888889,5344.111111111111
1,2297,1522.0,104.0,360.0,1.0,4.6443908991413725,0,1,0,1,0,1,0,0,1,0,1,0,0,0,1,3819.0,8.247743887225516,0.28888888888888886,3530.1111111111113
1,5333,1131.0,186.0,360.0,1.0,5.225746673713202,0,1,0,1,0,0,1,0,0,1,1,0,0,0,1,6464.0,8.774003600200931,0.5166666666666667,5947.333333333333
1,5316,0.0,136.0,360.0,1.0,4.912654885736052,0,1,1,0,0,1,0,0,1,0,1,0,0,0,1,5316.0,8.578476419833136,0.37777777777777777,4938.222222222223
1,2980,2083.0,120.0,360.0,1.0,4.787491742782046,0,1,1,0,0,1,0,0,1,0,1,0,1,0,0,5063.0,8.529714471969909,0.3333333333333333,4729.666666666667
0,4333,2451.0,110.0,360.0,1.0,4.700480365792417,0,1,0,1,0,1,0,0,1,0,1,0,0,0,1,6784.0,8.822322177471738,0.3055555555555556,6478.444444444444
0,3358,0.0,80.0,36.0,1.0,4.382026634673881,0,1,1,0,0,1,0,0,0,1,1,0,0,1,0,3358.0,8.119100837637486,2.2222222222222223,1135.7777777777778
0,3427,0.0,138.0,360.0,1.0,4.927253685157205,1,0,1,0,0,0,0,1,1,0,1,0,0,0,1,3427.0,8.139440521874608,0.38333333333333336,3043.6666666666665
0,11250,0.0,196.0,360.0,1.0,5.278114659230517,0,1,1,0,0,0,1,0,1,0,1,0,0,1,0,11250.0,9.328123407632566,0.5444444444444444,10705.555555555555
0,3069,0.0,71.0,480.0,1.0,4.2626798770413155,0,1,1,0,0,1,0,0,1,0,1,0,0,0,1,3069.0,8.029107054619736,0.14791666666666667,2921.0833333333335
1,2935,0.0,98.0,360.0,1.0,4.584967478670572,0,1,1,0,0,1,0,0,1,0,1,0,0,1,0,2935.0,7.984462732262196,0.2722222222222222,2662.777777777778
1,9504,0.0,275.0,360.0,1.0,5.616771097666572,0,1,0,1,1,0,0,0,1,0,1,0,1,0,0,9504.0,9.159468041602427,0.7638888888888888,8740.111111111111
1,2425,2340.0,143.0,360.0,1.0,4.962844630259907,0,1,0,1,0,1,0,0,1,0,1,0,0,1,0,4765.0,8.469052816088302,0.3972222222222222,4367.777777777777
1,3333,0.0,70.0,360.0,1.0,4.248495242049359,0,1,1,0,0,1,0,0,1,0,1,0,0,0,1,3333.0,8.11162807830774,0.19444444444444445,3138.5555555555557
0,3992,0.0,128.0,180.0,1.0,4.852030263919617,0,1,0,1,1,0,0,0,0,1,1,0,0,0,1,3992.0,8.292047637431354,0.7111111111111111,3280.8888888888887
0,1600,20000.0,239.0,360.0,1.0,5.476463551931511,0,1,0,1,0,0,0,1,1,0,0,1,0,0,1,21600.0,9.980448593672257,0.6638888888888889,20936.11111111111
1,2895,0.0,95.0,360.0,1.0,4.553876891600541,0,1,0,1,0,0,1,0,1,0,0,1,0,1,0,2895.0,7.970740390007095,0.2638888888888889,2631.1111111111113
1,4547,0.0,115.0,360.0,1.0,4.74493212836325,1,0,1,0,0,1,0,0,1,0,1,0,0,1,0,4547.0,8.42222295382501,0.3194444444444444,4227.555555555556
1,11146,0.0,136.0,360.0,1.0,4.912654885736052,0,1,0,1,0,1,0,0,1,0,1,0,0,0,1,11146.0,9.318835968129482,0.37777777777777777,10768.222222222223
1,2499,2458.0,160.0,360.0,1.0,5.075173815233827,0,1,0,1,0,1,0,0,1,0,1,0,0,1,0,4957.0,8.508555998020574,0.4444444444444444,4512.555555555556
1,2500,3796.0,120.0,360.0,1.0,4.787491742782046,0,1,0,1,0,1,0,0,1,0,1,0,0,0,1,6296.0,8.74766979009724,0.3333333333333333,5962.666666666667
1,3676,4301.0,172.0,360.0,1.0,5.147494476813453,0,1,1,0,0,1,0,0,1,0,1,0,1,0,0,7977.0,8.984317679911129,0.4777777777777778,7499.222222222223
1,3675,242.0,108.0,360.0,1.0,4.68213122712422,0,1,0,1,0,0,0,1,0,1,1,0,0,1,0,3917.0,8.27308133366583,0.3,3617.0
1,3200,700.0,70.0,360.0,1.0,4.248495242049359,0,1,0,1,0,0,0,1,1,0,1,0,0,0,1,3900.0,8.268731832117737,0.19444444444444445,3705.5555555555557
1,6000,0.0,140.0,360.0,1.0,4.941642422609304,0,1,1,0,0,1,0,0,1,0,1,0,1,0,0,6000.0,8.699514748210191,0.3888888888888889,5611.111111111111
1,6608,0.0,137.0,180.0,1.0,4.919980925828125,0,1,0,1,0,0,1,0,0,1,1,0,0,0,1,6608.0,8.796036315200814,0.7611111111111111,5846.888888888889
0,1880,0.0,61.0,360.0,1.0,4.110873864173311,0,1,0,1,0,0,1,0,1,0,1,0,1,0,0,1880.0,7.539027055823995,0.16944444444444445,1710.5555555555557
1,3814,1483.0,124.0,300.0,1.0,4.820281565605037,0,1,0,1,0,1,0,0,0,1,1,0,0,1,0,5297.0,8.574895901544526,0.41333333333333333,4883.666666666667
1,4006,1526.0,168.0,360.0,1.0,5.123963979403259,0,1,0,1,0,0,0,1,1,0,1,0,0,0,1,5532.0,8.61830469278465,0.4666666666666667,5065.333333333333
1,3357,2859.0,144.0,360.0,1.0,4.969813299576001,0,1,0,1,0,0,0,1,0,1,1,0,0,0,1,6216.0,8.734881892047483,0.4,5816.0
1,3155,1779.0,140.0,360.0,1.0,4.941642422609304,0,1,0,1,0,0,1,0,1,0,1,0,0,1,0,4934.0,8.503905297089302,0.3888888888888889,4545.111111111111
1,2577,3750.0,152.0,360.0,1.0,5.0238805208462765,0,1,0,1,0,1,0,0,1,0,0,1,1,0,0,6327.0,8.752581469146884,0.4222222222222222,5904.777777777777
1,2583,2330.0,125.0,360.0,1.0,4.8283137373023015,0,1,0,1,0,0,0,1,1,0,1,0,1,0,0,4913.0,8.499640032168648,0.3472222222222222,4565.777777777777
0,3340,1710.0,150.0,360.0,0.0,5.0106352940962555,0,1,0,1,0,0,0,1,1,0,1,0,1,0,0,5050.0,8.527143522269405,0.4166666666666667,4633.333333333333
1,5191,0.0,132.0,360.0,1.0,4.882801922586371,1,0,1,0,0,0,1,0,0,1,1,0,0,1,0,5191.0,8.55468163582723,0.36666666666666664,4824.333333333333
0,7933,0.0,275.0,360.0,1.0,5.616771097666572,0,1,0,1,0,1,0,0,1,0,1,0,0,0,1,7933.0,8.978786553302003,0.7638888888888888,7169.111111111111
0,20233,0.0,480.0,360.0,1.0,6.173786103901937,0,1,1,0,0,1,0,0,1,0,1,0,1,0,0,20233.0,9.915070213779195,1.3333333333333333,18899.666666666668
0,2947,1603.0,128.0,360.0,1.0,4.852030263919617,0,1,0,1,0,0,0,1,1,0,1,0,0,0,1,4550.0,8.422882511944996,0.35555555555555557,4194.444444444444
1,5000,3667.0,236.0,360.0,1.0,5.4638318050256105,0,1,0,1,0,0,0,1,1,0,1,0,0,1,0,8667.0,9.067277989134345,0.6555555555555556,8011.444444444444
1,5167,3167.0,200.0,360.0,1.0,5.298317366548036,0,1,0,1,1,0,0,0,1,0,1,0,0,1,0,8334.0,9.0280988119824,0.5555555555555556,7778.444444444444
1,2718,0.0,70.0,360.0,1.0,4.248495242049359,0,1,1,0,0,1,0,0,1,0,1,0,0,1,0,2718.0,7.907651594711089,0.19444444444444445,2523.5555555555557
1,1538,1425.0,30.0,360.0,1.0,3.4011973816621555,0,1,0,1,0,0,1,0,1,0,1,0,0,0,1,2963.0,7.993957547573565,0.08333333333333333,2879.6666666666665
1,2799,2253.0,122.0,360.0,1.0,4.804021044733257,0,1,0,1,0,1,0,0,1,0,1,0,0,1,0,5052.0,8.527539483470381,0.3388888888888889,4713.111111111111
1,1759,3541.0,131.0,360.0,1.0,4.875197323201151,0,1,0,1,0,1,0,0,1,0,1,0,0,1,0,5300.0,8.575462099540212,0.3638888888888889,4936.111111111111
0,4400,0.0,127.0,360.0,0.0,4.844187086458591,0,1,0,1,0,0,0,1,1,0,1,0,0,1,0,4400.0,8.389359819906353,0.3527777777777778,4047.222222222222
1,3276,484.0,135.0,360.0,1.0,4.90527477843843,0,1,0,1,0,0,0,1,1,0,1,0,0,1,0,3760.0,8.23217423638394,0.375,3385.0
1,6065,2004.0,250.0,360.0,1.0,5.521460917862246,0,1,0,1,0,0,1,0,1,0,1,0,0,1,0,8069.0,8.995784837848506,0.6944444444444444,7374.555555555556
1,3748,1668.0,110.0,360.0,1.0,4.700480365792417,0,1,1,0,0,1,0,0,0,1,1,0,0,1,0,5416.0,8.59711281459211,0.3055555555555556,5110.444444444444
1,4817,923.0,120.0,180.0,1.0,4.787491742782046,0,1,0,1,0,1,0,0,1,0,1,0,0,0,1,5740.0,8.655214489313613,0.6666666666666666,5073.333333333333
1,8333,0.0,246.0,360.0,1.0,5.5053315359323625,0,1,0,1,0,0,0,1,1,0,1,0,0,1,0,8333.0,9.027978814382207,0.6833333333333333,7649.666666666667
1,5285,1430.0,161.0,360.0,0.0,5.081404364984463,0,1,0,1,0,0,1,0,0,1,1,0,0,1,0,6715.0,8.812099108957337,0.44722222222222224,6267.777777777777
1,4342,189.0,124.0,360.0,1.0,4.820281565605037,0,1,0,1,1,0,0,0,1,0,1,0,0,1,0,4531.0,8.418697944667139,0.34444444444444444,4186.555555555556
1,8333,0.0,280.0,360.0,1.0,5.634789603169249,1,0,1,0,0,1,0,0,1,0,1,0,0,1,0,8333.0,9.027978814382207,0.7777777777777778,7555.222222222223
1,4708,1387.0,150.0,360.0,1.0,5.0106352940962555,0,1,0,1,0,0,0,1,1,0,1,0,0,1,0,6095.0,8.715224041915372,0.4166666666666667,5678.333333333333
1,6783,0.0,130.0,360.0,1.0,4.867534450455582,0,1,1,0,0,1,0,0,0,1,1,0,0,1,0,6783.0,8.82217476094608,0.3611111111111111,6421.888888888889
1,3173,0.0,74.0,360.0,1.0,4.30406509320417,0,1,0,1,1,0,0,0,0,1,1,0,0,1,0,3173.0,8.062432791583195,0.20555555555555555,2967.4444444444443
1,5941,4232.0,296.0,360.0,1.0,5.69035945432406,0,1,1,0,0,1,0,0,1,0,1,0,0,1,0,10173.0,9.227492430793749,0.8222222222222222,9350.777777777777
1,7901,1833.0,180.0,360.0,1.0,5.19295685089021,0,1,0,1,0,1,0,0,1,0,1,0,1,0,0,9734.0,9.1833801903934,0.5,9234.0
1,3450,2079.0,162.0,360.0,1.0,5.087596335232384,0,1,0,1,0,0,1,0,1,0,0,1,0,1,0,5529.0,8.617762246337932,0.45,5079.0
0,5726,4595.0,258.0,360.0,1.0,5.552959584921617,0,1,0,1,0,1,0,0,1,0,1,0,0,1,0,10321.0,9.241935933565934,0.7166666666666667,9604.333333333334
1,2483,2466.0,90.0,180.0,0.0,4.499809670330265,0,1,0,1,0,1,0,0,1,0,1,0,1,0,0,4949.0,8.506940814951886,0.5,4449.0
1,210,2917.0,98.0,360.0,1.0,4.584967478670572,1,0,0,1,0,0,0,1,0,1,1,0,0,1,0,3127.0,8.047829357457841,0.2722222222222222,2854.777777777778
1,3601,1590.0,128.0,360.0,1.0,4.852030263919617,0,1,0,1,0,0,0,1,0,1,1,0,1,0,0,5191.0,8.55468163582723,0.35555555555555557,4835.444444444444
1,3917,0.0,124.0,360.0,1.0,4.820281565605037,0,1,0,1,0,0,0,1,0,1,1,0,0,1,0,3917.0,8.27308133366583,0.34444444444444444,3572.5555555555557
1,4666,0.0,135.0,360.0,1.0,4.90527477843843,1,0,0,1,0,0,1,0,1,0,1,0,0,0,1,4666.0,8.448057452581375,0.375,4291.0
0,3875,0.0,67.0,360.0,1.0,4.204692619390966,0,1,0,1,0,0,1,0,1,0,1,0,0,0,1,3875.0,8.262300941787448,0.18611111111111112,3688.8888888888887
1,3333,2500.0,128.0,360.0,1.0,4.852030263919617,0,1,0,1,0,1,0,0,1,0,1,0,0,1,0,5833.0,8.671286726753637,0.35555555555555557,5477.444444444444
1,2383,2138.0,58.0,360.0,1.0,4.060443010546419,0,1,0,1,0,1,0,0,1,0,1,0,1,0,0,4521.0,8.416488487294606,0.16111111111111112,4359.888888888889
0,4723,0.0,81.0,360.0,1.0,4.394449154672439,1,0,1,0,0,0,1,0,1,0,1,0,0,1,0,4723.0,8.460199469896118,0.225,4498.0
0,10513,3850.0,160.0,180.0,0.0,5.075173815233827,0,1,0,1,0,0,1,0,1,0,0,1,0,0,1,14363.0,9.572410734431823,0.8888888888888888,13474.111111111111
1,3707,3166.0,182.0,360.0,1.0,5.204006687076795,0,1,0,1,0,1,0,0,1,0,1,0,1,0,0,6873.0,8.835355971121606,0.5055555555555555,6367.444444444444
0,3593,4266.0,132.0,180.0,0.0,4.882801922586371,0,1,0,1,0,1,0,0,1,0,1,0,1,0,0,7859.0,8.969414650866176,0.7333333333333333,7125.666666666667
1,3167,2283.0,154.0,360.0,1.0,5.0369526024136295,1,0,0,1,0,1,0,0,1,0,1,0,0,1,0,5450.0,8.60337088765729,0.42777777777777776,5022.222222222223
1,4354,0.0,136.0,360.0,1.0,4.912654885736052,0,1,1,0,0,0,0,1,1,0,1,0,1,0,0,4354.0,8.378850241794492,0.37777777777777777,3976.222222222222
0,3180,0.0,71.0,360.0,0.0,4.2626798770413155,1,0,1,0,0,1,0,0,1,0,1,0,0,0,1,3180.0,8.064636475774222,0.19722222222222222,2982.777777777778
0,2769,1542.0,190.0,360.0,1.0,5.247024072160486,0,1,1,0,0,0,1,0,0,1,0,1,0,1,0,4311.0,8.368925174747135,0.5277777777777778,3783.222222222222
1,6875,0.0,200.0,360.0,1.0,5.298317366548036,0,1,0,1,0,0,1,0,1,0,1,0,0,1,0,6875.0,8.835646922534773,0.5555555555555556,6319.444444444444
1,2383,3334.0,172.0,360.0,1.0,5.147494476813453,0,1,0,1,0,1,0,0,1,0,1,0,0,1,0,5717.0,8.651199471263972,0.4777777777777778,5239.222222222223
0,4692,0.0,106.0,360.0,1.0,4.663439094112067,0,1,1,0,0,0,1,0,1,0,0,1,1,0,0,4692.0,8.453614209773367,0.29444444444444445,4397.555555555556
1,4000,2500.0,140.0,360.0,1.0,4.941642422609304,0,1,1,0,0,1,0,0,1,0,1,0,1,0,0,6500.0,8.779557455883728,0.3888888888888889,6111.111111111111
1,2876,1560.0,90.0,360.0,1.0,4.499809670330265,1,0,1,0,0,0,1,0,1,0,1,0,0,0,1,4436.0,8.397508348470257,0.25,4186.0
1,6700,1750.0,230.0,300.0,1.0,5.438079308923196,0,1,0,1,0,0,0,1,1,0,1,0,0,1,0,8450.0,9.041921720351219,0.7666666666666667,7683.333333333333
1,2957,0.0,81.0,360.0,1.0,4.394449154672439,0,1,0,1,0,0,0,1,1,0,1,0,0,1,0,2957.0,7.9919305198524775,0.225,2732.0
0,6096,0.0,218.0,360.0,0.0,5.384495062789089,0,1,0,1,0,1,0,0,0,1,1,0,1,0,0,6096.0,8.715388097366482,0.6055555555555555,5490.444444444444
1,5703,0.0,128.0,360.0,1.0,4.852030263919617,0,1,0,1,1,0,0,0,1,0,1,0,0,0,1,5703.0,8.648747631156539,0.35555555555555557,5347.444444444444
1,3859,3300.0,142.0,180.0,1.0,4.955827057601261,0,1,0,1,0,1,0,0,1,0,1,0,1,0,0,7159.0,8.876125585396185,0.7888888888888889,6370.111111111111
1,1875,1875.0,97.0,360.0,1.0,4.574710978503383,0,1,0,1,0,0,0,1,0,1,0,1,0,1,0,3750.0,8.229511118964457,0.26944444444444443,3480.5555555555557
1,10408,0.0,259.0,360.0,1.0,5.556828061699537,1,0,1,0,0,1,0,0,1,0,1,0,0,0,1,10408.0,9.250330020192342,0.7194444444444444,9688.555555555555
0,3430,1250.0,128.0,360.0,0.0,4.852030263919617,0,1,0,1,1,0,0,0,1,0,1,0,0,1,0,4680.0,8.451053388911692,0.35555555555555557,4324.444444444444
1,15000,0.0,300.0,360.0,1.0,5.703782474656201,0,1,0,1,1,0,0,0,1,0,1,0,1,0,0,15000.0,9.615805480084347,0.8333333333333334,14166.666666666666
1,6000,0.0,156.0,360.0,1.0,5.049856007249537,1,0,1,0,0,1,0,0,1,0,1,0,0,0,1,6000.0,8.699514748210191,0.43333333333333335,5566.666666666667
1,14583,0.0,185.0,180.0,1.0,5.220355825078324,0,1,0,1,0,0,1,0,1,0,1,0,1,0,0,14583.0,9.587611745713565,1.0277777777777777,13555.222222222223
1,3273,1820.0,81.0,360.0,1.0,4.394449154672439,0,1,0,1,0,0,0,1,0,1,1,0,0,0,1,5093.0,8.535622326884605,0.225,4868.0
1,2366,2531.0,136.0,360.0,1.0,4.912654885736052,0,1,1,0,0,1,0,0,1,0,1,0,0,1,0,4897.0,8.496378051702317,0.37777777777777777,4519.222222222223
1,4923,0.0,166.0,360.0,0.0,5.111987788356544,0,1,1,0,0,0,0,1,1,0,1,0,0,1,0,4923.0,8.5016733797582,0.46111111111111114,4461.888888888889
1,9323,0.0,75.0,180.0,1.0,4.31748811353631,0,1,0,1,0,1,0,0,1,0,1,0,0,0,1,9323.0,9.140239744296693,0.4166666666666667,8906.333333333334
0,4230,0.0,112.0,360.0,1.0,4.718498871295094,1,0,1,0,0,1,0,0,1,0,1,0,0,1,0,4230.0,8.349957272040324,0.3111111111111111,3918.8888888888887
0,3547,0.0,80.0,360.0,0.0,4.382026634673881,0,1,1,0,0,0,0,1,1,0,1,0,1,0,0,3547.0,8.173857454773621,0.2222222222222222,3324.777777777778
0,3867,0.0,62.0,360.0,1.0,4.127134385045092,1,0,1,0,0,0,1,0,0,1,0,1,0,1,0,3867.0,8.260234291607297,0.17222222222222222,3694.777777777778
1,3466,1210.0,130.0,360.0,1.0,4.867534450455582,0,1,0,1,0,0,1,0,1,0,0,1,1,0,0,4676.0,8.450198322591959,0.3611111111111111,4314.888888888889
1,3153,1560.0,134.0,360.0,1.0,4.897839799950911,0,1,0,1,0,0,0,1,1,0,1,0,0,0,1,4713.0,8.45807992692373,0.37222222222222223,4340.777777777777
1,3158,3053.0,89.0,360.0,1.0,4.48863636973214,0,1,1,0,0,1,0,0,1,0,1,0,1,0,0,6211.0,8.734077192559303,0.24722222222222223,5963.777777777777
0,2000,0.0,128.0,360.0,1.0,4.852030263919617,0,1,1,0,0,1,0,0,0,1,1,0,0,0,1,2000.0,7.600902459542082,0.35555555555555557,1644.4444444444443
0,4200,1430.0,129.0,360.0,1.0,4.859812404361672,0,1,0,1,0,0,0,1,0,1,1,0,1,0,0,5630.0,8.635864721133736,0.35833333333333334,5271.666666666667
0,3000,1666.0,100.0,480.0,0.0,4.605170185988092,0,1,0,1,0,1,0,0,0,1,1,0,0,0,1,4666.0,8.448057452581375,0.20833333333333334,4457.666666666667
0,8799,0.0,258.0,360.0,0.0,5.552959584921617,0,1,0,1,0,0,0,1,1,0,1,0,0,0,1,8799.0,9.08239335764556,0.7166666666666667,8082.333333333333
0,3089,1280.0,121.0,360.0,0.0,4.795790545596741,0,1,0,1,0,0,1,0,1,0,1,0,0,1,0,4369.0,8.382289428951436,0.33611111111111114,4032.8888888888887
0,5124,0.0,124.0,360.0,0.0,4.820281565605037,0,1,1,0,0,1,0,0,1,0,1,0,1,0,0,5124.0,8.541690663016626,0.34444444444444444,4779.555555555556
1,14880,0.0,96.0,360.0,1.0,4.564348191467836,0,1,0,1,0,1,0,0,1,0,1,0,0,1,0,14880.0,9.607773308387083,0.26666666666666666,14613.333333333334
0,5516,11300.0,495.0,360.0,0.0,6.20455776256869,0,1,0,1,1,0,0,0,1,0,1,0,0,1,0,16816.0,9.730086093116732,1.375,15441.0
1,1993,1625.0,113.0,180.0,1.0,4.727387818712341,0,1,0,1,0,0,0,1,0,1,1,0,0,1,0,3618.0,8.193676665955241,0.6277777777777778,2990.222222222222
0,2435,0.0,75.0,360.0,1.0,4.31748811353631,0,1,1,0,0,1,0,0,1,0,1,0,0,0,1,2435.0,7.79770203551669,0.20833333333333334,2226.6666666666665
1,7667,0.0,185.0,360.0,1.0,5.220355825078324,0,1,0,1,0,0,0,1,0,1,1,0,1,0,0,7667.0,8.944680683558895,0.5138888888888888,7153.111111111111
1,3208,3066.0,172.0,360.0,1.0,5.147494476813453,0,1,0,1,0,1,0,0,1,0,1,0,0,0,1,6274.0,8.744169388750624,0.4777777777777778,5796.222222222223
0,4680,2087.0,128.0,360.0,1.0,4.852030263919617,0,1,1,0,0,1,0,0,1,0,1,0,0,1,0,6767.0,8.819813136232225,0.35555555555555557,6411.444444444444
1,8624,0.0,150.0,360.0,1.0,5.0106352940962555,1,0,1,0,0,0,1,0,1,0,0,1,0,1,0,8624.0,9.06230429314878,0.4166666666666667,8207.333333333334
1,3541,0.0,112.0,360.0,1.0,4.718498871295094,1,0,1,0,0,0,1,0,1,0,1,0,0,1,0,3541.0,8.172164452111904,0.3111111111111111,3229.8888888888887
0,14683,2100.0,304.0,360.0,1.0,5.717027701406222,0,1,0,1,0,1,0,0,1,0,1,0,1,0,0,16783.0,9.72812174830818,0.8444444444444444,15938.555555555555
1,3813,0.0,116.0,180.0,1.0,4.7535901911063645,1,0,1,0,0,1,0,0,1,0,1,0,0,0,1,3813.0,8.246171559857563,0.6444444444444445,3168.5555555555557
1,7451,0.0,128.0,360.0,1.0,4.852030263919617,1,0,1,0,0,0,1,0,1,0,0,1,0,1,0,7451.0,8.916103530553727,0.35555555555555557,7095.444444444444
1,2479,0.0,59.0,360.0,1.0,4.07753744390572,0,1,1,0,0,1,0,0,1,0,1,0,0,0,1,2479.0,7.8156105320351905,0.1638888888888889,2315.1111111111113
0,3572,4114.0,152.0,360.0,0.0,5.0238805208462765,0,1,0,1,0,1,0,0,0,1,1,0,1,0,0,7686.0,8.94715577112479,0.4222222222222222,7263.777777777777
0,5417,0.0,143.0,480.0,0.0,4.962844630259907,1,0,1,0,0,1,0,0,1,0,1,0,0,0,1,5417.0,8.597297435657898,0.29791666666666666,5119.083333333333
1,9703,0.0,112.0,360.0,1.0,4.718498871295094,0,1,0,1,0,0,0,1,1,0,1,0,0,0,1,9703.0,9.1801903950253,0.3111111111111111,9391.888888888889
1,2882,1843.0,123.0,480.0,1.0,4.812184355372417,0,1,0,1,0,0,1,0,1,0,1,0,0,1,0,4725.0,8.460622839927844,0.25625,4468.75
1,2400,0.0,75.0,360.0,1.0,4.31748811353631,0,1,0,1,0,1,0,0,1,0,1,0,0,0,1,2400.0,7.783224016336037,0.20833333333333334,2191.6666666666665
1,8333,3167.0,165.0,360.0,1.0,5.10594547390058,0,1,0,1,0,0,0,1,1,0,1,0,1,0,0,11500.0,9.350102314351341,0.4583333333333333,11041.666666666666
0,6000,2250.0,265.0,360.0,1.0,5.579729825986222,0,1,0,1,0,1,0,0,1,0,1,0,0,1,0,8250.0,9.017968479328726,0.7361111111111112,7513.888888888889
0,33846,0.0,260.0,360.0,1.0,5.560681631015528,0,1,0,1,0,0,1,0,1,0,1,0,0,1,0,33846.0,10.429576102968031,0.7222222222222222,33123.77777777778
1,3510,4416.0,243.0,360.0,1.0,5.493061443340548,0,1,0,1,0,0,0,1,1,0,1,0,1,0,0,7926.0,8.97790377375038,0.675,7251.0
0,2400,1863.0,104.0,360.0,0.0,4.6443908991413725,1,0,1,0,0,1,0,0,1,0,1,0,0,0,1,4263.0,8.35772841676521,0.28888888888888886,3974.1111111111113
1,11757,0.0,187.0,180.0,1.0,5.231108616854587,0,1,0,1,0,0,0,1,1,0,1,0,0,0,1,11757.0,9.372204086867741,1.038888888888889,10718.111111111111
1,3166,0.0,36.0,360.0,1.0,3.58351893845611,1,0,0,1,0,1,0,0,1,0,1,0,0,1,0,3166.0,8.060224240440958,0.1,3066.0
1,2031,1632.0,113.0,480.0,1.0,4.727387818712341,1,0,0,1,0,0,0,1,1,0,1,0,0,1,0,3663.0,8.206037762778815,0.23541666666666666,3427.5833333333335
0,5000,2541.0,151.0,480.0,1.0,5.017279836814924,1,0,1,0,0,1,0,0,1,0,1,0,1,0,0,7541.0,8.928110078202646,0.3145833333333333,7226.416666666667
1,3858,0.0,76.0,360.0,1.0,4.330733340286331,0,1,1,0,0,1,0,0,1,0,1,0,0,1,0,3858.0,8.257904193465674,0.2111111111111111,3646.8888888888887
1,10833,0.0,234.0,360.0,1.0,5.455321115357702,0,1,0,1,0,1,0,0,1,0,1,0,0,1,0,10833.0,9.290352309945568,0.65,10183.0
1,2165,0.0,70.0,360.0,1.0,4.248495242049359,1,0,1,0,0,1,0,0,0,1,1,0,0,1,0,2165.0,7.68017564043659,0.19444444444444445,1970.5555555555557
1,2965,5701.0,155.0,60.0,1.0,5.043425116919247,0,1,1,0,0,1,0,0,1,0,1,0,0,0,1,8666.0,9.067162602299854,2.5833333333333335,6082.666666666666
1,12876,0.0,405.0,360.0,1.0,6.003887067106539,0,1,1,0,0,1,0,0,1,0,1,0,0,1,0,12876.0,9.463120392418698,1.125,11751.0
0,2333,1451.0,102.0,480.0,0.0,4.624972813284271,0,1,1,0,0,1,0,0,0,1,1,0,0,0,1,3784.0,8.238536930171769,0.2125,3571.5
1,2500,2118.0,104.0,360.0,1.0,4.6443908991413725,0,1,0,1,0,1,0,0,1,0,1,0,0,1,0,4618.0,8.43771698991444,0.28888888888888886,4329.111111111111
1,5746,0.0,144.0,84.0,1.0,4.969813299576001,0,1,0,1,0,0,0,1,1,0,0,1,1,0,0,5746.0,8.656259239539235,1.7142857142857142,4031.714285714286
1,2927,2405.0,111.0,360.0,1.0,4.709530201312334,0,1,1,0,0,1,0,0,0,1,1,0,0,1,0,5332.0,8.5814816812986,0.30833333333333335,5023.666666666667
1,14583,0.0,436.0,360.0,1.0,6.077642243349034,0,1,0,1,0,1,0,0,1,0,1,0,0,1,0,14583.0,9.587611745713565,1.211111111111111,13371.888888888889
1,9323,7873.0,380.0,300.0,1.0,5.940171252720432,0,1,0,1,0,0,0,1,1,0,0,1,1,0,0,17196.0,9.752432077616172,1.2666666666666666,15929.333333333334
1,5468,1032.0,26.0,360.0,1.0,3.258096538021482,0,1,0,1,0,0,1,0,1,0,1,0,0,1,0,6500.0,8.779557455883728,0.07222222222222222,6427.777777777777
1,4843,3806.0,151.0,360.0,1.0,5.017279836814924,0,1,1,0,0,1,0,0,1,0,1,0,0,1,0,8649.0,9.065198986306513,0.41944444444444445,8229.555555555555
1,2500,1840.0,109.0,360.0,1.0,4.6913478822291435,0,1,0,1,0,0,0,1,1,0,1,0,0,0,1,4340.0,8.375629627094451,0.30277777777777776,4037.222222222222
1,18165,0.0,125.0,360.0,1.0,4.8283137373023015,1,0,1,0,0,1,0,0,0,1,0,1,0,0,1,18165.0,9.807251944655302,0.3472222222222222,17817.777777777777
1,6822,0.0,141.0,360.0,1.0,4.948759890378168,0,1,1,0,0,1,0,0,1,0,0,1,1,0,0,6822.0,8.82790796297859,0.39166666666666666,6430.333333333333
1,2698,2034.0,122.0,360.0,1.0,4.804021044733257,0,1,0,1,0,1,0,0,1,0,1,0,0,1,0,4732.0,8.462103225098277,0.3388888888888889,4393.111111111111
1,4191,0.0,120.0,360.0,1.0,4.787491742782046,0,1,1,0,0,1,0,0,1,0,1,0,1,0,0,4191.0,8.340694647925071,0.3333333333333333,3857.6666666666665
1,3927,800.0,112.0,360.0,1.0,4.718498871295094,0,1,0,1,0,1,0,0,1,0,1,0,0,1,0,4727.0,8.461046030793236,0.3111111111111111,4415.888888888889
0,3062,1987.0,111.0,180.0,0.0,4.709530201312334,0,1,1,0,0,0,1,0,1,0,1,0,0,0,1,5049.0,8.526945482858915,0.6166666666666667,4432.333333333333
1,2395,0.0,128.0,360.0,1.0,4.852030263919617,0,1,0,1,0,0,1,0,1,0,0,1,0,1,0,2395.0,7.781138509845015,0.35555555555555557,2039.4444444444443
1,9963,0.0,180.0,360.0,1.0,5.19295685089021,0,1,0,1,0,1,0,0,1,0,0,1,1,0,0,9963.0,9.206633510044856,0.5,9463.0
1,5923,2054.0,211.0,360.0,1.0,5.351858133476067,0,1,0,1,0,1,0,0,1,0,1,0,1,0,0,7977.0,8.984317679911129,0.5861111111111111,7390.888888888889
0,2755,0.0,65.0,300.0,1.0,4.174387269895637,0,1,1,0,0,1,0,0,0,1,1,0,1,0,0,2755.0,7.9211727215870145,0.21666666666666667,2538.3333333333335
0,1378,1881.0,167.0,360.0,1.0,5.117993812416755,1,0,0,1,0,0,0,1,1,0,1,0,0,0,1,3259.0,8.089175678837561,0.4638888888888889,2795.1111111111113
0,2720,0.0,80.0,360.0,0.0,4.382026634673881,1,0,1,0,0,1,0,0,0,1,1,0,0,0,1,2720.0,7.908387159290043,0.2222222222222222,2497.777777777778
1,6000,0.0,160.0,360.0,1.0,5.075173815233827,0,1,0,1,0,0,1,0,1,0,1,0,1,0,0,6000.0,8.699514748210191,0.4444444444444444,5555.555555555556
1,5677,1424.0,100.0,360.0,1.0,4.605170185988092,0,1,0,1,1,0,0,0,1,0,0,1,1,0,0,7101.0,8.867990898182093,0.2777777777777778,6823.222222222223
1,4281,0.0,100.0,360.0,1.0,4.605170185988092,0,1,0,1,1,0,0,0,1,0,1,0,0,0,1,4281.0,8.361941906144946,0.2777777777777778,4003.222222222222
1,3182,2917.0,161.0,360.0,1.0,5.081404364984463,0,1,1,0,0,1,0,0,1,0,1,0,0,0,1,6099.0,8.715880102296456,0.44722222222222224,5651.777777777777
1,5266,1774.0,187.0,360.0,1.0,5.231108616854587,0,1,0,1,1,0,0,0,1,0,0,1,0,1,0,7040.0,8.859363449152088,0.5194444444444445,6520.555555555556
1,6250,0.0,128.0,360.0,1.0,4.852030263919617,0,1,0,1,0,1,0,0,1,0,1,0,0,1,0,6250.0,8.740336742730447,0.35555555555555557,5894.444444444444
1,4180,2306.0,182.0,360.0,1.0,5.204006687076795,1,0,0,1,0,1,0,0,1,0,1,0,0,1,0,6486.0,8.777401286867264,0.5055555555555555,5980.444444444444
0,1668,3890.0,201.0,360.0,0.0,5.303304908059076,0,1,0,1,0,1,0,0,0,1,1,0,0,1,0,5558.0,8.62299361030245,0.5583333333333333,4999.666666666667
0,5000,0.0,72.0,360.0,0.0,4.276666119016055,0,1,0,1,0,0,0,1,1,0,1,0,0,1,0,5000.0,8.517193191416238,0.2,4800.0
1,3463,0.0,122.0,360.0,1.0,4.804021044733257,1,0,1,0,0,1,0,0,1,0,0,1,0,0,1,3463.0,8.149890544402423,0.3388888888888889,3124.1111111111113
1,2330,4486.0,100.0,360.0,1.0,4.605170185988092,1,0,0,1,0,1,0,0,1,0,1,0,0,1,0,6816.0,8.827028068509152,0.2777777777777778,6538.222222222223
1,19484,0.0,600.0,360.0,1.0,6.396929655216146,1,0,0,1,0,0,1,0,1,0,0,1,0,1,0,19484.0,9.877348894926433,1.6666666666666667,17817.333333333332
1,20166,0.0,650.0,480.0,1.0,6.476972362889683,0,1,1,0,0,1,0,0,1,0,0,1,0,0,1,20166.0,9.91175329695316,1.3541666666666667,18811.833333333332
0,2787,1917.0,146.0,360.0,0.0,4.983606621708336,0,1,0,1,0,0,1,0,1,0,1,0,1,0,0,4704.0,8.456168489578463,0.40555555555555556,4298.444444444444
1,4750,0.0,94.0,360.0,1.0,4.543294782270004,0,1,1,0,0,1,0,0,1,0,1,0,0,1,0,4750.0,8.465899897028686,0.2611111111111111,4488.888888888889
0,6000,0.0,205.0,240.0,1.0,5.3230099791384085,0,1,0,1,0,0,0,1,1,0,0,1,0,1,0,6000.0,8.699514748210191,0.8541666666666666,5145.833333333333
1,3000,3416.0,56.0,180.0,1.0,4.02535169073515,0,1,0,1,0,1,0,0,1,0,1,0,0,1,0,6416.0,8.766550149546351,0.3111111111111111,6104.888888888889
0,6383,1000.0,187.0,360.0,1.0,5.231108616854587,0,1,0,1,0,0,0,1,0,1,0,1,1,0,0,7383.0,8.906935339059165,0.5194444444444445,6863.555555555556
0,10000,0.0,214.0,360.0,1.0,5.365976015021851,1,0,1,0,0,1,0,0,1,0,1,0,0,1,0,10000.0,9.210340371976184,0.5944444444444444,9405.555555555555
1,7948,7166.0,480.0,360.0,1.0,6.173786103901937,0,1,0,1,0,0,0,1,1,0,0,1,1,0,0,15114.0,9.623376745580666,1.3333333333333333,13780.666666666666
0,20667,0.0,128.0,360.0,1.0,4.852030263919617,0,1,0,1,0,1,0,0,1,0,1,0,1,0,0,20667.0,9.936293504261306,0.35555555555555557,20311.444444444445
1,4707,1993.0,148.0,360.0,1.0,4.997212273764115,0,1,1,0,1,0,0,0,0,1,1,0,0,1,0,6700.0,8.809862805379057,0.4111111111111111,6288.888888888889
0,2873,1872.0,132.0,360.0,0.0,4.882801922586371,0,1,0,1,0,0,0,1,1,0,1,0,0,1,0,4745.0,8.464846711044029,0.36666666666666664,4378.333333333333
0,3717,2925.0,151.0,360.0,1.0,5.017279836814924,0,1,0,1,0,0,1,0,1,0,1,0,0,1,0,6642.0,8.801168401936692,0.41944444444444445,6222.555555555556
0,2237,0.0,63.0,480.0,0.0,4.143134726391533,0,1,1,0,0,1,0,0,1,0,1,0,0,1,0,2237.0,7.71289096149013,0.13125,2105.75
0,10000,1666.0,225.0,360.0,1.0,5.41610040220442,1,0,1,0,0,1,0,0,1,0,1,0,1,0,0,11666.0,9.364433907313582,0.625,11041.0
1,9508,0.0,187.0,360.0,1.0,5.231108616854587,0,1,1,0,0,1,0,0,1,0,1,0,1,0,0,9508.0,9.159888828480085,0.5194444444444445,8988.555555555555
1,5185,0.0,155.0,360.0,1.0,5.043425116919247,0,1,0,1,0,0,0,1,1,0,1,0,0,1,0,5185.0,8.553525120663627,0.4305555555555556,4754.444444444444
1,1299,1086.0,17.0,120.0,1.0,2.833213344056216,0,1,0,1,0,0,0,1,1,0,1,0,0,0,1,2385.0,7.776954403322442,0.14166666666666666,2243.3333333333335
1,3667,0.0,113.0,180.0,1.0,4.727387818712341,0,1,1,0,0,0,1,0,1,0,1,0,0,0,1,3667.0,8.207129168071326,0.6277777777777778,3039.222222222222
1,5800,0.0,132.0,360.0,1.0,4.882801922586371,0,1,1,0,0,1,0,0,0,1,0,1,0,1,0,5800.0,8.66561319653451,0.36666666666666664,5433.333333333333
0,1000,3022.0,110.0,360.0,1.0,4.700480365792417,0,1,0,1,0,0,1,0,1,0,0,1,0,0,1,4022.0,8.299534570332597,0.3055555555555556,3716.4444444444443
1,4600,0.0,73.0,180.0,1.0,4.290459441148391,0,1,0,1,0,1,0,0,1,0,1,0,0,1,0,4600.0,8.433811582477187,0.40555555555555556,4194.444444444444
1,3015,2188.0,153.0,360.0,1.0,5.030437921392435,0,1,0,1,0,1,0,0,1,0,1,0,1,0,0,5203.0,8.556990661290303,0.425,4778.0
1,8072,240.0,253.0,360.0,1.0,5.53338948872752,0,1,0,1,0,0,1,0,1,0,1,0,0,0,1,8312.0,9.025455532779063,0.7027777777777777,7609.222222222223
1,1958,1456.0,60.0,300.0,1.0,4.0943445622221,0,1,0,1,0,0,0,1,0,1,1,0,0,0,1,3414.0,8.135639903354386,0.2,3214.0
0,12500,3000.0,320.0,360.0,1.0,5.768320995793772,0,1,1,0,1,0,0,0,1,0,1,0,1,0,0,15500.0,9.648595302907339,0.8888888888888888,14611.111111111111
0,3523,3230.0,152.0,360.0,0.0,5.0238805208462765,0,1,0,1,0,1,0,0,0,1,1,0,1,0,0,6753.0,8.817742129574842,0.4222222222222222,6330.777777777777
1,10047,0.0,128.0,240.0,1.0,4.852030263919617,1,0,0,1,0,1,0,0,1,0,1,0,0,1,0,10047.0,9.215029361462314,0.5333333333333333,9513.666666666666
1,5488,0.0,125.0,360.0,1.0,4.8283137373023015,0,1,0,1,0,1,0,0,1,0,1,0,1,0,0,5488.0,8.610319169405722,0.3472222222222222,5140.777777777777
1,7167,0.0,128.0,360.0,1.0,4.852030263919617,0,1,1,0,0,1,0,0,1,0,0,1,0,0,1,7167.0,8.877242435993919,0.35555555555555557,6811.444444444444
0,3366,2200.0,135.0,360.0,1.0,4.90527477843843,0,1,0,1,0,1,0,0,1,0,1,0,1,0,0,5566.0,8.624431942085836,0.375,5191.0
0,6050,4333.0,120.0,180.0,1.0,4.787491742782046,0,1,1,0,0,1,0,0,1,0,0,1,0,0,1,10383.0,9.247925132303454,0.6666666666666666,9716.333333333334
1,2625,6250.0,187.0,360.0,1.0,5.231108616854587,0,1,0,1,0,1,0,0,1,0,1,0,1,0,0,8875.0,9.090993614343617,0.5194444444444445,8355.555555555555
0,2149,3237.0,178.0,360.0,0.0,5.181783550292085,1,0,0,1,0,1,0,0,0,1,1,0,0,1,0,5386.0,8.591558273371545,0.49444444444444446,4891.555555555556
1,2500,0.0,93.0,360.0,1.0,4.532599493153256,1,0,1,0,0,1,0,0,1,0,0,1,0,0,1,2500.0,7.824046010856292,0.25833333333333336,2241.6666666666665
0,14999,0.0,242.0,360.0,0.0,5.488937726156687,0,1,1,0,0,1,0,0,1,0,1,0,0,1,0,14999.0,9.61573881119536,0.6722222222222223,14326.777777777777
1,7578,1010.0,175.0,360.0,1.0,5.1647859739235145,0,1,0,1,0,1,0,0,1,0,1,0,0,1,0,8588.0,9.058121158998672,0.4861111111111111,8101.888888888889
0,2221,0.0,60.0,360.0,0.0,4.0943445622221,0,1,0,1,0,1,0,0,1,0,1,0,0,0,1,2221.0,7.7057128238944275,0.16666666666666666,2054.3333333333335
1,10750,0.0,312.0,360.0,1.0,5.7430031878094825,0,1,0,1,0,0,1,0,1,0,1,0,0,0,1,10750.0,9.28266103355581,0.8666666666666667,9883.333333333334
0,2947,1664.0,70.0,180.0,0.0,4.248495242049359,0,1,0,1,1,0,0,0,0,1,1,0,0,0,1,4611.0,8.436200032206706,0.3888888888888889,4222.111111111111
1,3596,0.0,100.0,240.0,1.0,4.605170185988092,0,1,1,0,0,0,1,0,0,1,1,0,0,0,1,3596.0,8.18757739559151,0.4166666666666667,3179.3333333333335
1,2717,0.0,60.0,180.0,1.0,4.0943445622221,0,1,1,0,0,1,0,0,0,1,1,0,0,0,1,2717.0,7.907283609426348,0.3333333333333333,2383.6666666666665
1,5695,4167.0,175.0,360.0,1.0,5.1647859739235145,0,1,0,1,0,1,0,0,1,0,1,0,0,1,0,9862.0,9.196444266784072,0.4861111111111111,9375.888888888889
1,1958,2436.0,131.0,360.0,1.0,4.875197323201151,0,1,0,1,0,0,1,0,0,1,1,0,1,0,0,4394.0,8.387995252944556,0.3638888888888889,4030.1111111111113
1,2900,0.0,71.0,360.0,1.0,4.2626798770413155,1,0,1,0,0,1,0,0,1,0,1,0,1,0,0,2900.0,7.9724660159745655,0.19722222222222222,2702.777777777778
1,7142,0.0,138.0,360.0,1.0,4.927253685157205,1,0,0,1,0,1,0,0,0,1,0,1,1,0,0,7142.0,8.873748128154395,0.38333333333333336,6758.666666666667
1,6250,1300.0,108.0,360.0,1.0,4.68213122712422,0,1,0,1,0,0,0,1,1,0,0,1,1,0,0,7550.0,8.92930284224307,0.3,7250.0
0,2600,1717.0,99.0,300.0,1.0,4.59511985013459,1,0,1,0,0,1,0,0,1,0,0,1,0,1,0,4317.0,8.370315995555478,0.33,3987.0
1,4416,1250.0,110.0,360.0,1.0,4.700480365792417,0,1,0,1,1,0,0,0,1,0,1,0,0,0,1,5666.0,8.642238680390461,0.3055555555555556,5360.444444444444
0,2178,0.0,66.0,300.0,0.0,4.189654742026425,0,1,0,1,0,0,1,0,1,0,0,1,1,0,0,2178.0,7.686162303492906,0.22,1958.0
1,2137,8980.0,137.0,360.0,0.0,4.919980925828125,1,0,1,0,0,1,0,0,1,0,1,0,0,1,0,11117.0,9.316230747233615,0.38055555555555554,10736.444444444445
0,3481,0.0,155.0,36.0,1.0,5.043425116919247,1,0,1,0,0,0,1,0,1,0,1,0,0,1,0,3481.0,8.15507488781144,4.305555555555555,-824.5555555555557
0,10416,0.0,187.0,360.0,0.0,5.231108616854587,0,1,1,0,0,1,0,0,1,0,0,1,0,0,1,10416.0,9.251098364448351,0.5194444444444445,9896.555555555555
0,81000,0.0,360.0,360.0,0.0,5.886104031450156,0,1,0,1,1,0,0,0,1,0,1,0,1,0,0,81000.0,11.302204433654575,1.0,80000.0
1,2600,1700.0,107.0,360.0,1.0,4.672828834461906,0,1,0,1,0,1,0,0,0,1,1,0,1,0,0,4300.0,8.366370301681654,0.2972222222222222,4002.777777777778
1,2500,0.0,55.0,360.0,1.0,4.007333185232471,0,1,1,0,0,1,0,0,1,0,1,0,0,1,0,2500.0,7.824046010856292,0.1527777777777778,2347.222222222222
1,2213,0.0,66.0,360.0,1.0,4.189654742026425,1,0,1,0,0,1,0,0,0,1,1,0,1,0,0,2213.0,7.70210434005105,0.18333333333333332,2029.6666666666667
1,3246,1417.0,138.0,360.0,1.0,4.927253685157205,0,1,0,1,0,1,0,0,1,0,1,0,0,1,0,4663.0,8.44741429680832,0.38333333333333336,4279.666666666667
0,3948,1733.0,149.0,360.0,0.0,5.003946305945459,0,1,0,1,0,1,0,0,1,0,1,0,1,0,0,5681.0,8.644882552557126,0.41388888888888886,5267.111111111111
1,4652,0.0,110.0,360.0,1.0,4.700480365792417,0,1,0,1,0,0,0,1,0,1,1,0,1,0,0,4652.0,8.445052513638554,0.3055555555555556,4346.444444444444
1,8333,3750.0,187.0,360.0,1.0,5.231108616854587,0,1,1,0,0,1,0,0,1,0,1,0,1,0,0,12083.0,9.399554785027307,0.5194444444444445,11563.555555555555
0,4735,0.0,138.0,360.0,1.0,4.927253685157205,0,1,0,1,0,1,0,0,0,1,0,1,0,0,1,4735.0,8.462737005620179,0.38333333333333336,4351.666666666667
0,6045,0.0,115.0,360.0,0.0,4.74493212836325,0,1,1,0,0,1,0,0,0,1,1,0,1,0,0,6045.0,8.706986763048892,0.3194444444444444,5725.555555555556
1,2167,2400.0,115.0,360.0,1.0,4.74493212836325,0,1,0,1,0,1,0,0,0,1,1,0,0,0,1,4567.0,8.426611813185,0.3194444444444444,4247.555555555556
1,13650,0.0,128.0,360.0,1.0,4.852030263919617,0,1,0,1,0,1,0,0,1,0,1,0,0,0,1,13650.0,9.521494800613105,0.35555555555555557,13294.444444444445
0,2473,1843.0,159.0,360.0,1.0,5.0689042022202315,0,1,0,1,0,1,0,0,1,0,1,0,1,0,0,4316.0,8.370084326378025,0.44166666666666665,3874.3333333333335
0,3750,4750.0,176.0,360.0,1.0,5.170483995038151,0,1,1,0,0,1,0,0,1,0,1,0,0,0,1,8500.0,9.047821442478408,0.4888888888888889,8011.111111111111
0,6782,0.0,128.0,360.0,1.0,4.852030263919617,0,1,1,0,0,1,0,0,1,0,1,0,0,0,1,6782.0,8.822027322685583,0.35555555555555557,6426.444444444444
1,1820,1769.0,95.0,360.0,1.0,4.553876891600541,0,1,0,1,0,1,0,0,0,1,1,0,1,0,0,3589.0,8.185628891147607,0.2638888888888889,3325.1111111111113
1,3620,0.0,25.0,120.0,1.0,3.2188758248682006,0,1,1,0,0,1,0,0,0,1,1,0,0,1,0,3620.0,8.194229304819817,0.20833333333333334,3411.6666666666665
1,3173,3021.0,137.0,360.0,1.0,4.919980925828125,0,1,0,1,0,1,0,0,1,0,1,0,0,0,1,6194.0,8.731336360533149,0.38055555555555554,5813.444444444444
1,4166,7210.0,184.0,360.0,1.0,5.214935757608986,0,1,1,0,0,1,0,0,1,0,1,0,0,0,1,11376.0,9.339261152043022,0.5111111111111111,10864.888888888889
0,1828,1330.0,100.0,360.0,0.0,4.605170185988092,0,1,0,1,0,1,0,0,1,0,1,0,0,0,1,3158.0,8.057694194815587,0.2777777777777778,2880.222222222222
0,6400,7250.0,180.0,360.0,0.0,5.19295685089021,0,1,0,1,0,0,1,0,1,0,1,0,0,0,1,13650.0,9.521494800613105,0.5,13150.0
1,2045,1619.0,101.0,360.0,1.0,4.61512051684126,0,1,0,1,0,0,0,1,1,0,1,0,1,0,0,3664.0,8.20631072579402,0.28055555555555556,3383.4444444444443
1,3326,913.0,105.0,84.0,1.0,4.653960350157523,1,0,0,1,0,0,1,0,1,0,1,0,0,1,0,4239.0,8.352082671352637,1.25,2989.0
1,4865,5624.0,208.0,360.0,1.0,5.337538079701318,0,1,0,1,0,0,0,1,1,0,1,0,0,1,0,10489.0,9.258082367961604,0.5777777777777777,9911.222222222223
1,3850,983.0,100.0,360.0,1.0,4.605170185988092,0,1,0,1,1,0,0,0,0,1,1,0,0,1,0,4833.0,8.483222671845084,0.2777777777777778,4555.222222222223
1,3100,1400.0,113.0,360.0,1.0,4.727387818712341,0,1,0,1,0,0,0,1,1,0,1,0,0,0,1,4500.0,8.411832675758411,0.3138888888888889,4186.111111111111
1,7787,0.0,240.0,360.0,1.0,5.480638923341991,0,1,0,1,0,0,1,0,1,0,0,1,0,0,1,7787.0,8.960210955576986,0.6666666666666666,7120.333333333333
1,2014,1929.0,74.0,360.0,1.0,4.30406509320417,0,1,1,0,0,1,0,0,1,0,1,0,0,0,1,3943.0,8.279697133877628,0.20555555555555555,3737.4444444444443
1,4750,2333.0,130.0,360.0,1.0,4.867534450455582,0,1,0,1,0,1,0,0,1,0,1,0,0,0,1,7083.0,8.865452825753623,0.3611111111111111,6721.888888888889
1,2083,4083.0,160.0,360.0,1.0,5.075173815233827,0,1,0,1,0,1,0,0,1,0,0,1,0,1,0,6166.0,8.726805608446096,0.4444444444444444,5721.555555555556
1,39147,4750.0,120.0,360.0,1.0,4.787491742782046,0,1,0,1,0,1,0,0,1,0,0,1,0,1,0,43897.0,10.689601259598334,0.3333333333333333,43563.666666666664
0,1853,2840.0,114.0,360.0,1.0,4.736198448394496,0,1,1,0,0,1,0,0,1,0,1,0,1,0,0,4693.0,8.453827315794417,0.31666666666666665,4376.333333333333
1,5849,0.0,128.0,360.0,1.0,4.852030263919617,0,1,1,0,0,1,0,0,1,0,1,0,0,0,1,5849.0,8.674025985443025,0.35555555555555557,5493.444444444444
1,16525,1014.0,150.0,360.0,1.0,5.0106352940962555,0,1,0,1,0,0,0,1,1,0,0,1,1,0,0,17539.0,9.772182251758139,0.4166666666666667,17122.333333333332
1,3083,2168.0,126.0,360.0,1.0,4.836281906951478,0,1,0,1,0,0,0,1,0,1,1,0,0,0,1,5251.0,8.566173813637858,0.35,4901.0
1,4583,2083.0,160.0,360.0,1.0,5.075173815233827,0,1,0,1,0,0,0,1,1,0,0,1,0,1,0,6666.0,8.804775258867686,0.4444444444444444,6221.555555555556
1,7100,0.0,125.0,60.0,1.0,4.8283137373023015,0,1,0,1,1,0,0,0,0,1,0,1,0,0,1,7100.0,8.867850063029406,2.0833333333333335,5016.666666666666
1,4106,0.0,40.0,180.0,1.0,3.6888794541139363,0,1,0,1,1,0,0,0,1,0,1,0,1,0,0,4106.0,8.32020459757888,0.2222222222222222,3883.777777777778
0,3510,0.0,76.0,360.0,0.0,4.330733340286331,1,0,1,0,0,1,0,0,1,0,1,0,0,0,1,3510.0,8.163371316459912,0.2111111111111111,3298.8888888888887
0,4166,3369.0,201.0,360.0,1.0,5.303304908059076,0,1,0,1,0,0,1,0,1,0,1,0,0,0,1,7535.0,8.927314111060596,0.5583333333333333,6976.666666666667
1,17500,0.0,400.0,360.0,1.0,5.991464547107982,0,1,0,1,0,0,0,1,1,0,0,1,1,0,0,17500.0,9.769956159911606,1.1111111111111112,16388.88888888889
1,2620,2223.0,150.0,360.0,1.0,5.0106352940962555,0,1,0,1,0,1,0,0,1,0,1,0,0,1,0,4843.0,8.48528964240323,0.4166666666666667,4426.333333333333
1,2213,1125.0,128.0,360.0,1.0,4.852030263919617,0,1,0,1,0,1,0,0,1,0,1,0,0,0,1,3338.0,8.11312710422178,0.35555555555555557,2982.4444444444443
0,6033,0.0,160.0,360.0,1.0,5.075173815233827,0,1,0,1,0,1,0,0,0,1,1,0,0,0,1,6033.0,8.704999678440762,0.4444444444444444,5588.555555555556
1,3900,0.0,90.0,360.0,1.0,4.499809670330265,0,1,0,1,0,0,0,1,1,0,1,0,0,1,0,3900.0,8.268731832117737,0.25,3650.0
0,3522,0.0,81.0,180.0,1.0,4.394449154672439,0,1,0,1,1,0,0,0,0,1,1,0,1,0,0,3522.0,8.166784289056151,0.45,3072.0
1,1625,1803.0,96.0,360.0,1.0,4.564348191467836,0,1,0,1,0,0,1,0,1,0,1,0,0,0,1,3428.0,8.13973227971767,0.26666666666666666,3161.3333333333335
0,19730,5266.0,570.0,360.0,1.0,6.345636360828596,0,1,0,1,0,1,0,0,1,0,1,0,1,0,0,24996.0,10.126471091048971,1.5833333333333333,23412.666666666668
1,3812,0.0,112.0,360.0,1.0,4.718498871295094,1,0,1,0,0,0,1,0,1,0,1,0,1,0,0,3812.0,8.245909264774093,0.3111111111111111,3500.8888888888887
1,1811,1666.0,54.0,360.0,1.0,3.9889840465642745,1,0,1,0,0,1,0,0,1,0,1,0,0,0,1,3477.0,8.153925132007862,0.15,3327.0
0,1916,5063.0,67.0,360.0,1.0,4.204692619390966,0,1,1,0,0,1,0,0,1,0,1,0,1,0,0,6979.0,8.850660919017152,0.18611111111111112,6792.888888888889
0,4945,0.0,128.0,360.0,0.0,4.852030263919617,0,1,0,1,0,0,1,0,1,0,1,0,1,0,0,4945.0,8.506132244056813,0.35555555555555557,4589.444444444444
1,1963,0.0,53.0,360.0,1.0,3.970291913552122,1,0,1,0,0,1,0,0,0,1,1,0,0,1,0,1963.0,7.5822291942764615,0.14722222222222223,1815.7777777777778
1,16667,2250.0,86.0,360.0,1.0,4.454347296253507,0,1,0,1,0,0,1,0,1,0,0,1,0,1,0,18917.0,9.847816267665664,0.2388888888888889,18678.11111111111
1,3000,0.0,66.0,360.0,1.0,4.189654742026425,0,1,0,1,0,1,0,0,1,0,0,1,0,0,1,3000.0,8.006367567650246,0.18333333333333332,2816.6666666666665
1,5250,688.0,160.0,360.0,1.0,5.075173815233827,0,1,0,1,0,0,1,0,1,0,1,0,1,0,0,5938.0,8.689127655323706,0.4444444444444444,5493.555555555556
1,2058,2134.0,88.0,360.0,1.0,4.477336814478207,0,1,0,1,0,1,0,0,1,0,1,0,0,0,1,4192.0,8.340933226000878,0.24444444444444444,3947.5555555555557
0,6500,0.0,105.0,360.0,0.0,4.653960350157523,0,1,1,0,0,1,0,0,1,0,1,0,1,0,0,6500.0,8.779557455883728,0.2916666666666667,6208.333333333333
1,4000,2275.0,144.0,360.0,1.0,4.969813299576001,1,0,1,0,0,1,0,0,1,0,1,0,0,1,0,6275.0,8.744328763999984,0.4,5875.0
0,4000,7750.0,290.0,360.0,1.0,5.66988092298052,0,1,0,1,1,0,0,0,1,0,1,0,0,1,0,11750.0,9.371608519572305,0.8055555555555556,10944.444444444445
1,6000,0.0,141.0,360.0,1.0,4.948759890378168,0,1,1,0,0,1,0,0,1,0,1,0,0,0,1,6000.0,8.699514748210191,0.39166666666666666,5608.333333333333
1,5417,0.0,168.0,360.0,1.0,5.123963979403259,0,1,1,0,0,1,0,0,1,0,1,0,0,0,1,5417.0,8.597297435657898,0.4666666666666667,4950.333333333333
1,2995,0.0,60.0,360.0,1.0,4.0943445622221,1,0,1,0,0,1,0,0,1,0,1,0,0,0,1,2995.0,8.00469951054955,0.16666666666666666,2828.3333333333335
1,2346,1600.0,132.0,360.0,1.0,4.882801922586371,0,1,1,0,0,1,0,0,0,1,1,0,0,1,0,3946.0,8.28045768658256,0.36666666666666664,3579.3333333333335
1,3333,2000.0,99.0,360.0,1.0,4.59511985013459,0,1,0,1,0,0,0,1,0,1,1,0,0,1,0,5333.0,8.581669210600602,0.275,5058.0
1,4133,0.0,122.0,360.0,1.0,4.804021044733257,0,1,1,0,0,1,0,0,1,0,1,0,0,1,0,4133.0,8.326758814511733,0.3388888888888889,3794.1111111111113
0,3583,0.0,96.0,360.0,1.0,4.564348191467836,0,1,1,0,0,1,0,0,1,0,1,0,0,0,1,3583.0,8.183955717304954,0.26666666666666666,3316.3333333333335
1,3417,1750.0,186.0,360.0,1.0,5.225746673713202,0,1,0,1,0,0,1,0,1,0,1,0,0,0,1,5167.0,8.550047528287184,0.5166666666666667,4650.333333333333
1,3717,0.0,120.0,360.0,1.0,4.787491742782046,0,1,0,1,0,0,0,1,1,0,1,0,0,1,0,3717.0,8.220672170297252,0.3333333333333333,3383.6666666666665
1,4758,0.0,158.0,480.0,1.0,5.062595033026967,0,1,0,1,0,1,0,0,1,0,1,0,0,1,0,4758.0,8.467582690862903,0.32916666666666666,4428.833333333333
0,4053,2426.0,158.0,360.0,0.0,5.062595033026967,0,1,1,0,0,0,1,0,0,1,0,1,0,0,1,6479.0,8.776321456449958,0.4388888888888889,6040.111111111111
1,3775,0.0,110.0,360.0,1.0,4.700480365792417,0,1,0,1,0,1,0,0,1,0,1,0,0,1,0,3775.0,8.236155661683124,0.3055555555555556,3469.4444444444443
1,1782,2232.0,107.0,360.0,1.0,4.672828834461906,0,1,0,1,0,0,1,0,1,0,1,0,1,0,0,4014.0,8.297543529356284,0.2972222222222222,3716.777777777778
0,4616,0.0,134.0,360.0,1.0,4.897839799950911,0,1,0,1,0,0,0,1,1,0,1,0,0,0,1,4616.0,8.437283808187935,0.37222222222222223,4243.777777777777
1,9083,0.0,228.0,360.0,1.0,5.429345628954441,0,1,0,1,0,1,0,0,1,0,1,0,0,1,0,9083.0,9.114159813502214,0.6333333333333333,8449.666666666666
1,3333,2166.0,130.0,360.0,1.0,4.867534450455582,0,1,0,1,1,0,0,0,0,1,0,1,0,1,0,5499.0,8.612321536507814,0.3611111111111111,5137.888888888889
1,2192,1742.0,45.0,360.0,1.0,3.8066624897703196,0,1,0,1,0,0,0,1,0,1,1,0,0,1,0,3934.0,8.277411998949004,0.125,3809.0
